file,ground_truth,predicted,confidence,is_correct,reasons
Ledger-Sales_2025-26.xlsx,Ledger,Ledger,1.0,True,Filename matches pattern: .*[Ll]edger.*; Folder matches pattern: .*[Ll]edger.*; Sheet name matches pattern: Sales
Ledger-Sales 2023-24.xlsx,Ledger,Ledger,1.0,True,Filename matches pattern: .*[Ll]edger.*; Folder matches pattern: .*[Ll]edger.*; Sheet name matches pattern: Sales
Ledger-Sales 2023-24 JUL.xlsx,Ledger,Ledger,1.0,True,Filename matches pattern: .*[Ll]edger.*; Folder matches pattern: .*[Ll]edger.*; Sheet name matches pattern: Sales
Ledger-Sales.xlsx,Ledger,Ledger,1.0,True,Filename matches pattern: .*[Ll]edger.*; Folder matches pattern: .*[Ll]edger.*; Sheet name matches pattern: Sales
Ledger-Sales_2024-25.xlsx,Ledger,Ledger,1.0,True,Filename matches pattern: .*[Ll]edger.*; Folder matches pattern: .*[Ll]edger.*; Sheet name matches pattern: Sales
Ashishkumar - October 2024.pdf,Salary Slip,Salary Slip,1.0,True,"Folder matches pattern: .*[Ss]alary.*[Ss]lip.*; Keywords matched: earnings, deductions, designation"
Ashishkumar - October 2024.xlsx,Salary Slip,Salary Slip,1.0,True,"Folder matches pattern: .*[Ss]alary.*[Ss]lip.*; Keywords matched: earnings, deductions, designation"
Ashishkumar - January 2024.pdf,Salary Slip,Salary Slip,1.0,True,"Folder matches pattern: .*[Ss]alary.*[Ss]lip.*; Keywords matched: earnings, deductions, designation"
Ashishkumar -August 2021.pdf,Salary Slip,Salary Slip,1.0,True,"Folder matches pattern: .*[Ss]alary.*[Ss]lip.*; Keywords matched: earnings, deductions, designation"
Ashishkumar - October 2023.pdf,Salary Slip,Salary Slip,1.0,True,"Folder matches pattern: .*[Ss]alary.*[Ss]lip.*; Keywords matched: earnings, deductions, designation"
Ashishkumar - January 2024.xlsx,Salary Slip,Salary Slip,1.0,True,"Folder matches pattern: .*[Ss]alary.*[Ss]lip.*; Keywords matched: earnings, deductions, designation"
Ashishkumar - April 2022.xlsx,Salary Slip,Salary Slip,1.0,True,"Folder matches pattern: .*[Ss]alary.*[Ss]lip.*; Keywords matched: earnings, deductions, designation"
Ashishkumar - September 2021.xlsx,Salary Slip,Salary Slip,1.0,True,"Folder matches pattern: .*[Ss]alary.*[Ss]lip.*; Keywords matched: earnings, deductions, designation"
Ashishkumar - November 2023.pdf,Salary Slip,Salary Slip,1.0,True,"Folder matches pattern: .*[Ss]alary.*[Ss]lip.*; Keywords matched: earnings, deductions, designation"
Ashishkumar - JUNE 2021.xlsx,Salary Slip,Salary Slip,1.0,True,"Folder matches pattern: .*[Ss]alary.*[Ss]lip.*; Keywords matched: earnings, deductions, designation"
Ashishkumar - October 2023.xlsx,Salary Slip,Salary Slip,1.0,True,"Folder matches pattern: .*[Ss]alary.*[Ss]lip.*; Keywords matched: earnings, deductions, designation"
Ashishkumar - February 2024.xlsx,Salary Slip,Salary Slip,1.0,True,"Folder matches pattern: .*[Ss]alary.*[Ss]lip.*; Keywords matched: earnings, deductions, designation"
Ashishkumar - MAY 2021.xlsx,Salary Slip,Salary Slip,1.0,True,"Folder matches pattern: .*[Ss]alary.*[Ss]lip.*; Keywords matched: earnings, deductions, designation"
Ashishkumar - December2021.xlsx,Salary Slip,Salary Slip,1.0,True,"Folder matches pattern: .*[Ss]alary.*[Ss]lip.*; Keywords matched: earnings, deductions, designation"
Ashishkumar - August 2022.xlsx,Salary Slip,Salary Slip,1.0,True,"Folder matches pattern: .*[Ss]alary.*[Ss]lip.*; Keywords matched: earnings, deductions, designation"
Ashishkumar - September 2024.xlsx,Salary Slip,Salary Slip,1.0,True,"Folder matches pattern: .*[Ss]alary.*[Ss]lip.*; Keywords matched: earnings, deductions, designation"
Ashishkumar - September 2024.pdf,Salary Slip,Salary Slip,1.0,True,"Folder matches pattern: .*[Ss]alary.*[Ss]lip.*; Keywords matched: earnings, deductions, designation"
Ashishkumar - March 2024.xlsx,Salary Slip,Salary Slip,1.0,True,"Folder matches pattern: .*[Ss]alary.*[Ss]lip.*; Keywords matched: earnings, deductions, designation"
Ashishkumar - September 2021.pdf,Salary Slip,Salary Slip,1.0,True,"Folder matches pattern: .*[Ss]alary.*[Ss]lip.*; Keywords matched: earnings, deductions, designation"
Ashishkumar - September 2023.pdf,Salary Slip,Salary Slip,1.0,True,"Folder matches pattern: .*[Ss]alary.*[Ss]lip.*; Keywords matched: earnings, deductions, designation"
Ashishkumar - August 2023.xlsx,Salary Slip,Salary Slip,1.0,True,"Folder matches pattern: .*[Ss]alary.*[Ss]lip.*; Keywords matched: earnings, deductions, designation"
Ashishkumar - December 2023.xlsx,Salary Slip,Salary Slip,1.0,True,"Folder matches pattern: .*[Ss]alary.*[Ss]lip.*; Keywords matched: earnings, deductions, designation"
Ashishkumar - August 2022.pdf,Salary Slip,Salary Slip,1.0,True,"Folder matches pattern: .*[Ss]alary.*[Ss]lip.*; Keywords matched: earnings, deductions, designation"
Ashishkumar - November 2023.xlsx,Salary Slip,Salary Slip,1.0,True,"Folder matches pattern: .*[Ss]alary.*[Ss]lip.*; Keywords matched: earnings, deductions, designation"
Ashishkumar - February 2024.pdf,Salary Slip,Salary Slip,1.0,True,"Folder matches pattern: .*[Ss]alary.*[Ss]lip.*; Keywords matched: earnings, deductions, designation"
Ashishkumar - December 2023.pdf,Salary Slip,Salary Slip,1.0,True,"Folder matches pattern: .*[Ss]alary.*[Ss]lip.*; Keywords matched: earnings, deductions, designation"
Ashishkumar - March 2024.pdf,Salary Slip,Salary Slip,1.0,True,"Folder matches pattern: .*[Ss]alary.*[Ss]lip.*; Keywords matched: earnings, deductions, designation"
Ashishkumar - August 2023.pdf,Salary Slip,Salary Slip,1.0,True,"Folder matches pattern: .*[Ss]alary.*[Ss]lip.*; Keywords matched: earnings, deductions, designation"
Ashishkumar - December 2021.pdf,Salary Slip,Salary Slip,1.0,True,"Folder matches pattern: .*[Ss]alary.*[Ss]lip.*; Keywords matched: earnings, deductions, designation"
Ashishkumar - August 2024.xlsx,Salary Slip,Salary Slip,1.0,True,"Folder matches pattern: .*[Ss]alary.*[Ss]lip.*; Keywords matched: earnings, deductions, designation"
Ashishkumar - August 2024.pdf,Salary Slip,Salary Slip,1.0,True,"Folder matches pattern: .*[Ss]alary.*[Ss]lip.*; Keywords matched: earnings, deductions, designation"
Ashishkumar - September 2023.xlsx,Salary Slip,Salary Slip,1.0,True,"Folder matches pattern: .*[Ss]alary.*[Ss]lip.*; Keywords matched: earnings, deductions, designation"
Ashishkumar - April 2022.pdf,Salary Slip,Salary Slip,1.0,True,"Folder matches pattern: .*[Ss]alary.*[Ss]lip.*; Keywords matched: earnings, deductions, designation"
Ashishkumar -August 2021.xlsx,Salary Slip,Salary Slip,1.0,True,"Folder matches pattern: .*[Ss]alary.*[Ss]lip.*; Keywords matched: earnings, deductions, designation"
AUG 21.pdf,Bank Statement,Bank Statement,1.0,True,"Filename matches pattern: [A-Z]{3}\s+\d{2}\.pdf; Folder matches pattern: .*[Ss]tatement.*; Keywords matched: account no, a/c, opening balance, closing balance"
APR 21.pdf,Bank Statement,Bank Statement,1.0,True,"Filename matches pattern: [A-Z]{3}\s+\d{2}\.pdf; Folder matches pattern: .*[Ss]tatement.*; Keywords matched: account no, a/c, opening balance, closing balance"
APR 22.pdf,Bank Statement,Bank Statement,1.0,True,"Filename matches pattern: [A-Z]{3}\s+\d{2}\.pdf; Folder matches pattern: .*[Ss]tatement.*; Keywords matched: account no, a/c, opening balance, closing balance"
17605 N.J. SERUM PUNE .pdf,Tax Invoice,Tax Invoice,1.0,True,"Filename matches pattern: \d{5}.*[Ss]erum.*\.pdf; Keywords matched: tax invoice, gstin, pan, hsn, sac"
17625 N.J. SERUM PUNE .xlsx,Tax Invoice,Tax Invoice,1.0,True,"Filename matches pattern: \d{5}.*[Ss]erum.*\.xlsx; Keywords matched: tax invoice, gstin, pan, hsn, sac"
17638 N.J. SERUM PUNE .pdf,Tax Invoice,Tax Invoice,1.0,True,"Filename matches pattern: \d{5}.*[Ss]erum.*\.pdf; Keywords matched: tax invoice, gstin, pan, hsn, sac"
17643 N.J. SERUM PUNE .xlsx,Tax Invoice,Tax Invoice,1.0,True,"Filename matches pattern: \d{5}.*[Ss]erum.*\.xlsx; Keywords matched: tax invoice, gstin, pan, hsn, sac"
17632 N.J. SERUM PUNE .pdf,Tax Invoice,Tax Invoice,1.0,True,"Filename matches pattern: \d{5}.*[Ss]erum.*\.pdf; Keywords matched: tax invoice, gstin, pan, hsn, sac"
17632  N.J. SERUM PUNE .xlsx,Tax Invoice,Tax Invoice,1.0,True,"Filename matches pattern: \d{5}.*[Ss]erum.*\.xlsx; Keywords matched: tax invoice, gstin, pan, hsn, sac"
17601 .pdf,Tax Invoice,Tax Invoice,0.95,True,"Keywords matched: tax invoice, gstin, pan, hsn, sac"
NAMO GREEN RANJANGAON LEDGER sep 24.pdf,Tax Invoice,Ledger,0.8,False,"Filename matches pattern: .*[Ll]edger.*; Keywords matched: debit note, debit no"
17625 N.J. SERUM PUNE .pdf,Tax Invoice,Tax Invoice,1.0,True,"Filename matches pattern: \d{5}.*[Ss]erum.*\.pdf; Keywords matched: tax invoice, gstin, pan, hsn, sac"
17631 N.J. SERUM PUNE .xlsx,Tax Invoice,Tax Invoice,1.0,True,"Filename matches pattern: \d{5}.*[Ss]erum.*\.xlsx; Keywords matched: tax invoice, gstin, pan, hsn, sac"
17612 N.J. SERUM PUNE .pdf,Tax Invoice,Tax Invoice,1.0,True,"Filename matches pattern: \d{5}.*[Ss]erum.*\.pdf; Keywords matched: tax invoice, gstin, pan, hsn, sac"
17615 N.J. SERUM PUNE .xlsx,Tax Invoice,Tax Invoice,1.0,True,"Filename matches pattern: \d{5}.*[Ss]erum.*\.xlsx; Keywords matched: tax invoice, gstin, pan, hsn, sac"
17639 N.J. SERUM PUNE .xlsx,Tax Invoice,Tax Invoice,1.0,True,"Filename matches pattern: \d{5}.*[Ss]erum.*\.xlsx; Keywords matched: tax invoice, gstin, pan, hsn, sac"
17633  N.J. SERUM PUNE .pdf,Tax Invoice,Tax Invoice,1.0,True,"Filename matches pattern: \d{5}.*[Ss]erum.*\.pdf; Keywords matched: tax invoice, gstin, pan, hsn, sac"
17613 N.J. SERUM PUNE .xlsx,Tax Invoice,Tax Invoice,1.0,True,"Filename matches pattern: \d{5}.*[Ss]erum.*\.xlsx; Keywords matched: tax invoice, gstin, pan, hsn, sac"
17605 N.J. SERUM PUNE .xlsx,Tax Invoice,Tax Invoice,1.0,True,"Filename matches pattern: \d{5}.*[Ss]erum.*\.xlsx; Keywords matched: tax invoice, gstin, pan, hsn, sac"
17604 N.J. SERUM PUNE .pdf,Tax Invoice,Tax Invoice,1.0,True,"Filename matches pattern: \d{5}.*[Ss]erum.*\.pdf; Keywords matched: tax invoice, gstin, pan, hsn, sac"
17639 N.J. SERUM PUNE .pdf,Tax Invoice,Tax Invoice,1.0,True,"Filename matches pattern: \d{5}.*[Ss]erum.*\.pdf; Keywords matched: tax invoice, gstin, pan, hsn, sac"
17640 N.J. SERUM PUNE .pdf,Tax Invoice,Tax Invoice,1.0,True,"Filename matches pattern: \d{5}.*[Ss]erum.*\.pdf; Keywords matched: tax invoice, gstin, pan, hsn, sac"
CHALLAN COPY  SERUM PUNE .pdf,Tax Invoice,Tax Invoice,0.95,True,"Filename matches pattern: .*[Cc]hallan.*; Keywords matched: tax invoice, gstin, pan, hsn, sac"
17633  N.J. SERUM PUNE .xlsx,Tax Invoice,Tax Invoice,1.0,True,"Filename matches pattern: \d{5}.*[Ss]erum.*\.xlsx; Keywords matched: tax invoice, gstin, pan, hsn, sac"
CHALLAN PEPSICO 13-1.pdf,Tax Invoice,Tax Invoice,0.95,True,"Filename matches pattern: .*[Cc]hallan.*; Keywords matched: tax invoice, gstin, pan, hsn, sac"
17611 N.J. SERUM PUNE .xlsx,Tax Invoice,Tax Invoice,1.0,True,"Filename matches pattern: \d{5}.*[Ss]erum.*\.xlsx; Keywords matched: tax invoice, gstin, pan, hsn, sac"
17607 N.J. SERUM PUNE .xlsx,Tax Invoice,Tax Invoice,1.0,True,"Filename matches pattern: \d{5}.*[Ss]erum.*\.xlsx; Keywords matched: tax invoice, gstin, pan, hsn, sac"
17613 N.J. SERUM PUNE .pdf,Tax Invoice,Tax Invoice,1.0,True,"Filename matches pattern: \d{5}.*[Ss]erum.*\.pdf; Keywords matched: tax invoice, gstin, pan, hsn, sac"
17619 N.J. SERUM PUNE .pdf,Tax Invoice,Tax Invoice,1.0,True,"Filename matches pattern: \d{5}.*[Ss]erum.*\.pdf; Keywords matched: tax invoice, gstin, pan, hsn, sac"
17619 N.J. SERUM PUNE .xlsx,Tax Invoice,Tax Invoice,1.0,True,"Filename matches pattern: \d{5}.*[Ss]erum.*\.xlsx; Keywords matched: tax invoice, gstin, pan, hsn, sac"
CHALLAN COPY  SERUM PUNE.pdf,Tax Invoice,Tax Invoice,0.95,True,"Filename matches pattern: .*[Cc]hallan.*; Keywords matched: tax invoice, gstin, pan, hsn, sac"
17623 N.J. SERUM PUNE .xlsx,Tax Invoice,Tax Invoice,1.0,True,"Filename matches pattern: \d{5}.*[Ss]erum.*\.xlsx; Keywords matched: tax invoice, gstin, pan, hsn, sac"
17624 N.J. SERUM PUNE .pdf,Tax Invoice,Tax Invoice,1.0,True,"Filename matches pattern: \d{5}.*[Ss]erum.*\.pdf; Keywords matched: tax invoice, gstin, pan, hsn, sac"
17642 N.J. SERUM PUNE .xlsx,Tax Invoice,Tax Invoice,1.0,True,"Filename matches pattern: \d{5}.*[Ss]erum.*\.xlsx; Keywords matched: tax invoice, gstin, pan, hsn, sac"
17624 N.J. SERUM PUNE .xlsx,Tax Invoice,Tax Invoice,1.0,True,"Filename matches pattern: \d{5}.*[Ss]erum.*\.xlsx; Keywords matched: tax invoice, gstin, pan, hsn, sac"
17632 N.J. SERUM PUNE .xlsx,Tax Invoice,Tax Invoice,1.0,True,"Filename matches pattern: \d{5}.*[Ss]erum.*\.xlsx; Keywords matched: tax invoice, gstin, pan, hsn, sac"
17608 N.J. SERUM PUNE .xlsx,Tax Invoice,Tax Invoice,1.0,True,"Filename matches pattern: \d{5}.*[Ss]erum.*\.xlsx; Keywords matched: tax invoice, gstin, pan, hsn, sac"
17610 N.J. SERUM PUNE .pdf,Tax Invoice,Tax Invoice,1.0,True,"Filename matches pattern: \d{5}.*[Ss]erum.*\.pdf; Keywords matched: tax invoice, gstin, pan, hsn, sac"
17643 N.J. SERUM PUNE .pdf,Tax Invoice,Tax Invoice,1.0,True,"Filename matches pattern: \d{5}.*[Ss]erum.*\.pdf; Keywords matched: tax invoice, gstin, pan, hsn, sac"
17638 N.J. SERUM PUNE .xlsx,Tax Invoice,Tax Invoice,1.0,True,"Filename matches pattern: \d{5}.*[Ss]erum.*\.xlsx; Keywords matched: tax invoice, gstin, pan, hsn, sac"
17640 N.J. SERUM PUNE .xlsx,Tax Invoice,Tax Invoice,1.0,True,"Filename matches pattern: \d{5}.*[Ss]erum.*\.xlsx; Keywords matched: tax invoice, gstin, pan, hsn, sac"
17607 N.J. SERUM PUNE .pdf,Tax Invoice,Tax Invoice,1.0,True,"Filename matches pattern: \d{5}.*[Ss]erum.*\.pdf; Keywords matched: tax invoice, gstin, pan, hsn, sac"
17608 N.J. SERUM PUNE .pdf,Tax Invoice,Tax Invoice,1.0,True,"Filename matches pattern: \d{5}.*[Ss]erum.*\.pdf; Keywords matched: tax invoice, gstin, pan, hsn, sac"
17626  N.J. SERUM PUNE .xlsx,Tax Invoice,Tax Invoice,1.0,True,"Filename matches pattern: \d{5}.*[Ss]erum.*\.xlsx; Keywords matched: tax invoice, gstin, pan, hsn, sac"
VAPI DC 17657.pdf,Tax Invoice,Tax Invoice,0.95,True,"Keywords matched: tax invoice, gstin, pan, hsn, sac"
17611 N.J. SERUM PUNE .pdf,Tax Invoice,Tax Invoice,1.0,True,"Filename matches pattern: \d{5}.*[Ss]erum.*\.pdf; Keywords matched: tax invoice, gstin, pan, hsn, sac"
CHALLAN COPY  PEPSICO RANJANGAON .pdf,Tax Invoice,Tax Invoice,0.95,True,"Filename matches pattern: .*[Cc]hallan.*; Keywords matched: tax invoice, gstin, pan, hsn, sac"
CHALLAN COPY  PEPSICO RANJANGAON .xlsx,Tax Invoice,Tax Invoice,0.95,True,"Filename matches pattern: .*[Cc]hallan.*; Keywords matched: tax invoice, gstin, pan, hsn, sac"
NAMO GREEN SERUM LEDGER sep 24.pdf,Tax Invoice,Ledger,0.8,False,"Filename matches pattern: .*[Ll]edger.*; Keywords matched: debit note, debit no"
CHALLAN COPY  SERUM PUNE .xlsx,Tax Invoice,Tax Invoice,0.95,True,"Filename matches pattern: .*[Cc]hallan.*; Keywords matched: tax invoice, gstin, pan, hsn, sac"
17602 .pdf,Tax Invoice,Tax Invoice,0.95,True,"Keywords matched: tax invoice, gstin, pan, hsn, sac"
17604 N.J. SERUM PUNE .xlsx,Tax Invoice,Tax Invoice,1.0,True,"Filename matches pattern: \d{5}.*[Ss]erum.*\.xlsx; Keywords matched: tax invoice, gstin, pan, hsn, sac"
17623 N.J. SERUM PUNE .pdf,Tax Invoice,Tax Invoice,1.0,True,"Filename matches pattern: \d{5}.*[Ss]erum.*\.pdf; Keywords matched: tax invoice, gstin, pan, hsn, sac"
17632  N.J. SERUM PUNE .pdf,Tax Invoice,Tax Invoice,1.0,True,"Filename matches pattern: \d{5}.*[Ss]erum.*\.pdf; Keywords matched: tax invoice, gstin, pan, hsn, sac"
17612 N.J. SERUM PUNE .xlsx,Tax Invoice,Tax Invoice,1.0,True,"Filename matches pattern: \d{5}.*[Ss]erum.*\.xlsx; Keywords matched: tax invoice, gstin, pan, hsn, sac"
17631 N.J. SERUM PUNE .pdf,Tax Invoice,Tax Invoice,1.0,True,"Filename matches pattern: \d{5}.*[Ss]erum.*\.pdf; Keywords matched: tax invoice, gstin, pan, hsn, sac"
NAMO GREEN SEZ LEDGER sep 24.pdf,Tax Invoice,Ledger,1.0,False,"Filename matches pattern: .*[Ll]edger.*; Keywords matched: ledger, ledger account"
17634 N.J. SERUM PUNE .pdf,Tax Invoice,Tax Invoice,1.0,True,"Filename matches pattern: \d{5}.*[Ss]erum.*\.pdf; Keywords matched: tax invoice, gstin, pan, hsn, sac"
VAPI DC 17657.xlsx,Tax Invoice,Tax Invoice,0.95,True,"Keywords matched: tax invoice, gstin, pan, hsn, sac"
17634 N.J. SERUM PUNE .xlsx,Tax Invoice,Tax Invoice,1.0,True,"Filename matches pattern: \d{5}.*[Ss]erum.*\.xlsx; Keywords matched: tax invoice, gstin, pan, hsn, sac"
17606 N.J. SERUM PUNE .xlsx,Tax Invoice,Tax Invoice,1.0,True,"Filename matches pattern: \d{5}.*[Ss]erum.*\.xlsx; Keywords matched: tax invoice, gstin, pan, hsn, sac"
17626  N.J. SERUM PUNE .pdf,Tax Invoice,Tax Invoice,1.0,True,"Filename matches pattern: \d{5}.*[Ss]erum.*\.pdf; Keywords matched: tax invoice, gstin, pan, hsn, sac"
17610 N.J. SERUM PUNE .xlsx,Tax Invoice,Tax Invoice,1.0,True,"Filename matches pattern: \d{5}.*[Ss]erum.*\.xlsx; Keywords matched: tax invoice, gstin, pan, hsn, sac"
17642 N.J. SERUM PUNE .pdf,Tax Invoice,Tax Invoice,1.0,True,"Filename matches pattern: \d{5}.*[Ss]erum.*\.pdf; Keywords matched: tax invoice, gstin, pan, hsn, sac"
17606 N.J. SERUM PUNE .pdf,Tax Invoice,Tax Invoice,1.0,True,"Filename matches pattern: \d{5}.*[Ss]erum.*\.pdf; Keywords matched: tax invoice, gstin, pan, hsn, sac"
NGE SERUM DC 28023.xlsx,Tax Invoice,Tax Invoice,0.95,True,"Keywords matched: tax invoice, gstin, pan, hsn, sac"
DC 28003.xlsx,Tax Invoice,Tax Invoice,0.95,True,"Keywords matched: tax invoice, gstin, pan, hsn, sac"
DC 28023.xlsx,Tax Invoice,Tax Invoice,0.95,True,"Keywords matched: tax invoice, gstin, pan, hsn, sac"
DC 28003.pdf,Tax Invoice,Tax Invoice,0.95,True,"Keywords matched: tax invoice, gstin, pan, hsn, sac"
NGE SERUM DC 28032.xlsx,Tax Invoice,Tax Invoice,0.95,True,"Keywords matched: tax invoice, gstin, pan, hsn, sac"
NGE SERUM DC 28023.pdf,Tax Invoice,Tax Invoice,0.95,True,"Keywords matched: tax invoice, gstin, pan, hsn, sac"
28027 NGE-N.J. SERUM PUNE.xlsx,Tax Invoice,Tax Invoice,1.0,True,"Filename matches pattern: \d{5}.*[Ss]erum.*\.xlsx; Keywords matched: tax invoice, gstin, pan, hsn, sac"
DC 28008.xlsx,Tax Invoice,Tax Invoice,0.95,True,"Keywords matched: tax invoice, gstin, pan, hsn, sac"
NGE SERUM DC 28033.xlsx,Tax Invoice,Tax Invoice,0.95,True,"Keywords matched: tax invoice, gstin, pan, hsn, sac"
NGE SERUM DC 28033.pdf,Tax Invoice,Tax Invoice,0.95,True,"Keywords matched: tax invoice, gstin, pan, hsn, sac"
NGE SERUM DC 28032.pdf,Tax Invoice,Tax Invoice,0.95,True,"Keywords matched: tax invoice, gstin, pan, hsn, sac"
28027 NGE-N.J. SERUM PUNE.pdf,Tax Invoice,Tax Invoice,1.0,True,"Filename matches pattern: \d{5}.*[Ss]erum.*\.pdf; Keywords matched: tax invoice, gstin, pan, hsn, sac"
~$28027 NBF-N.J. SERUM PUNE.xlsx,Tax Invoice,Unknown,0.0,False,No detection methods matched
DC 28008.pdf,Tax Invoice,Tax Invoice,0.95,True,"Keywords matched: tax invoice, gstin, pan, hsn, sac"
NGE SERUM DC 28023-2.xlsx,Tax Invoice,Tax Invoice,0.95,True,"Keywords matched: tax invoice, gstin, pan, hsn, sac"
NGE SERUM DC 28023-2.pdf,Tax Invoice,Tax Invoice,0.95,True,"Keywords matched: tax invoice, gstin, pan, hsn, sac"
N.J. Pepsi Invoice 162-17622.xlsx,Tax Invoice,Tax Invoice,1.0,True,"Filename matches pattern: .*[Ii]nvoice.*\.xlsx; Keywords matched: tax invoice, invoice no, gstin, cgst, sgst, total amount, taxable amount"
N.J. Invoice 140.xlsx,Tax Invoice,Tax Invoice,1.0,True,"Filename matches pattern: .*[Ii]nvoice.*\.xlsx; Keywords matched: tax invoice, invoice no, gstin, cgst, sgst, total amount, taxable amount"
N.J. Pepsi Invoice 133.pdf,Tax Invoice,Tax Invoice,1.0,True,"Filename matches pattern: .*[Ii]nvoice.*\.pdf; Keywords matched: tax invoice, invoice no, gstin, cgst, sgst, total amount, taxable amount"
N.J. Pepsi Invoice 154.xlsx,Tax Invoice,Tax Invoice,1.0,True,"Filename matches pattern: .*[Ii]nvoice.*\.xlsx; Keywords matched: tax invoice, invoice no, gstin, cgst, sgst, total amount, taxable amount"
N.J. Invoice 164-17624.xlsx,Tax Invoice,Tax Invoice,1.0,True,"Filename matches pattern: .*[Ii]nvoice.*\.xlsx; Keywords matched: tax invoice, invoice no, gstin, cgst, sgst, total amount, taxable amount"
N.J. Invoice 130.pdf,Tax Invoice,Tax Invoice,1.0,True,"Filename matches pattern: .*[Ii]nvoice.*\.pdf; Keywords matched: tax invoice, invoice no, gstin, cgst, sgst, total amount, taxable amount"
N.J. Invoice 137.xlsx,Tax Invoice,Tax Invoice,1.0,True,"Filename matches pattern: .*[Ii]nvoice.*\.xlsx; Keywords matched: tax invoice, invoice no, gstin, cgst, sgst, total amount, taxable amount"
N.J. Invoice 163-17623.xlsx,Tax Invoice,Tax Invoice,1.0,True,"Filename matches pattern: .*[Ii]nvoice.*\.xlsx; Keywords matched: tax invoice, invoice no, gstin, cgst, sgst, total amount, taxable amount"
N.J. Invoice 135.pdf,Tax Invoice,Tax Invoice,1.0,True,"Filename matches pattern: .*[Ii]nvoice.*\.pdf; Keywords matched: tax invoice, invoice no, gstin, cgst, sgst, total amount, taxable amount"
N.J. Invoice 134.pdf,Tax Invoice,Tax Invoice,1.0,True,"Filename matches pattern: .*[Ii]nvoice.*\.pdf; Keywords matched: tax invoice, invoice no, gstin, cgst, sgst, total amount, taxable amount"
N.J. Pepsi Invoice 143.xlsx,Tax Invoice,Tax Invoice,1.0,True,"Filename matches pattern: .*[Ii]nvoice.*\.xlsx; Keywords matched: tax invoice, invoice no, gstin, cgst, sgst, total amount, taxable amount"
N.J. Pepsi Invoice 156-17618.pdf,Tax Invoice,Tax Invoice,1.0,True,"Filename matches pattern: .*[Ii]nvoice.*\.pdf; Keywords matched: tax invoice, invoice no, gstin, cgst, sgst, total amount, taxable amount"
N.J. Invoice 137.pdf,Tax Invoice,Tax Invoice,1.0,True,"Filename matches pattern: .*[Ii]nvoice.*\.pdf; Keywords matched: tax invoice, invoice no, gstin, cgst, sgst, total amount, taxable amount"
N.J. Invoice 144.pdf,Tax Invoice,Tax Invoice,1.0,True,"Filename matches pattern: .*[Ii]nvoice.*\.pdf; Keywords matched: tax invoice, invoice no, gstin, cgst, sgst, total amount, taxable amount"
N.J. Pepsi Invoice 133.xlsx,Tax Invoice,Tax Invoice,1.0,True,"Filename matches pattern: .*[Ii]nvoice.*\.xlsx; Keywords matched: tax invoice, invoice no, gstin, cgst, sgst, total amount, taxable amount"
N.J. Pepsi Invoice 150.pdf,Tax Invoice,Tax Invoice,1.0,True,"Filename matches pattern: .*[Ii]nvoice.*\.pdf; Keywords matched: tax invoice, invoice no, gstin, cgst, sgst, total amount, taxable amount"
N.J. Invoice 145.pdf,Tax Invoice,Tax Invoice,1.0,True,"Filename matches pattern: .*[Ii]nvoice.*\.pdf; Keywords matched: tax invoice, invoice no, gstin, cgst, sgst, total amount, taxable amount"
N.J. Pepsi Invoice 152.pdf,Tax Invoice,Tax Invoice,1.0,True,"Filename matches pattern: .*[Ii]nvoice.*\.pdf; Keywords matched: tax invoice, invoice no, gstin, cgst, sgst, total amount, taxable amount"
N.J. Invoice 146.xlsx,Tax Invoice,Tax Invoice,1.0,True,"Filename matches pattern: .*[Ii]nvoice.*\.xlsx; Keywords matched: tax invoice, invoice no, gstin, cgst, sgst, total amount, taxable amount"
N.J. Pepsi Invoice 162-17622.pdf,Tax Invoice,Tax Invoice,1.0,True,"Filename matches pattern: .*[Ii]nvoice.*\.pdf; Keywords matched: tax invoice, invoice no, gstin, cgst, sgst, total amount, taxable amount"
N.J. Pepsi Invoice 153.pdf,Tax Invoice,Tax Invoice,1.0,True,"Filename matches pattern: .*[Ii]nvoice.*\.pdf; Keywords matched: tax invoice, invoice no, gstin, cgst, sgst, total amount, taxable amount"
N.J. Pepsi Invoice 152.xlsx,Tax Invoice,Tax Invoice,1.0,True,"Filename matches pattern: .*[Ii]nvoice.*\.xlsx; Keywords matched: tax invoice, invoice no, gstin, cgst, sgst, total amount, taxable amount"
N.J. Invoice 146.pdf,Tax Invoice,Tax Invoice,1.0,True,"Filename matches pattern: .*[Ii]nvoice.*\.pdf; Keywords matched: tax invoice, invoice no, gstin, cgst, sgst, total amount, taxable amount"
N.J. Pepsi Invoice 153.xlsx,Tax Invoice,Tax Invoice,1.0,True,"Filename matches pattern: .*[Ii]nvoice.*\.xlsx; Keywords matched: tax invoice, invoice no, gstin, cgst, sgst, total amount, taxable amount"
N.J. Pepsi Invoice 143.pdf,Tax Invoice,Tax Invoice,1.0,True,"Filename matches pattern: .*[Ii]nvoice.*\.pdf; Keywords matched: tax invoice, invoice no, gstin, cgst, sgst, total amount, taxable amount"
N.J. Invoice 166-17626.pdf,Tax Invoice,Tax Invoice,1.0,True,"Filename matches pattern: .*[Ii]nvoice.*\.pdf; Keywords matched: tax invoice, invoice no, gstin, cgst, sgst, total amount, taxable amount"
N.J. Pepsi Invoice 154.pdf,Tax Invoice,Tax Invoice,1.0,True,"Filename matches pattern: .*[Ii]nvoice.*\.pdf; Keywords matched: tax invoice, invoice no, gstin, cgst, sgst, total amount, taxable amount"
N.J. Invoice 130.xlsx,Tax Invoice,Tax Invoice,1.0,True,"Filename matches pattern: .*[Ii]nvoice.*\.xlsx; Keywords matched: tax invoice, invoice no, gstin, cgst, sgst, total amount, taxable amount"
N.J. Pepsi Invoice 141.pdf,Tax Invoice,Tax Invoice,1.0,True,"Filename matches pattern: .*[Ii]nvoice.*\.pdf; Keywords matched: tax invoice, invoice no, gstin, cgst, sgst, total amount, taxable amount"
N.J. Pepsi Invoice 159-17620.xlsx,Tax Invoice,Tax Invoice,1.0,True,"Filename matches pattern: .*[Ii]nvoice.*\.xlsx; Keywords matched: tax invoice, invoice no, gstin, cgst, sgst, total amount, taxable amount"
N.J. Pepsi Invoice 157-17619.xlsx,Tax Invoice,Tax Invoice,1.0,True,"Filename matches pattern: .*[Ii]nvoice.*\.xlsx; Keywords matched: tax invoice, invoice no, gstin, cgst, sgst, total amount, taxable amount"
N.J. Invoice 140.pdf,Tax Invoice,Tax Invoice,1.0,True,"Filename matches pattern: .*[Ii]nvoice.*\.pdf; Keywords matched: tax invoice, invoice no, gstin, cgst, sgst, total amount, taxable amount"
N.J. Invoice 148.xlsx,Tax Invoice,Tax Invoice,1.0,True,"Filename matches pattern: .*[Ii]nvoice.*\.xlsx; Keywords matched: tax invoice, invoice no, gstin, cgst, sgst, total amount, taxable amount"
N.J. Invoice 166-17626.xlsx,Tax Invoice,Tax Invoice,1.0,True,"Filename matches pattern: .*[Ii]nvoice.*\.xlsx; Keywords matched: tax invoice, invoice no, gstin, cgst, sgst, total amount, taxable amount"
N.J. Pepsi Invoice 159-17620.pdf,Tax Invoice,Tax Invoice,1.0,True,"Filename matches pattern: .*[Ii]nvoice.*\.pdf; Keywords matched: tax invoice, invoice no, gstin, cgst, sgst, total amount, taxable amount"
N.J. Pepsi Invoice 150.xlsx,Tax Invoice,Tax Invoice,1.0,True,"Filename matches pattern: .*[Ii]nvoice.*\.xlsx; Keywords matched: tax invoice, invoice no, gstin, cgst, sgst, total amount, taxable amount"
N.J. Invoice 165-17625.xlsx,Tax Invoice,Tax Invoice,1.0,True,"Filename matches pattern: .*[Ii]nvoice.*\.xlsx; Keywords matched: tax invoice, invoice no, gstin, cgst, sgst, total amount, taxable amount"
N.J. Invoice 144.xlsx,Tax Invoice,Tax Invoice,1.0,True,"Filename matches pattern: .*[Ii]nvoice.*\.xlsx; Keywords matched: tax invoice, invoice no, gstin, cgst, sgst, total amount, taxable amount"
N.J. Invoice 163-17623.pdf,Tax Invoice,Tax Invoice,1.0,True,"Filename matches pattern: .*[Ii]nvoice.*\.pdf; Keywords matched: tax invoice, invoice no, gstin, cgst, sgst, total amount, taxable amount"
N.J. Invoice 145.xlsx,Tax Invoice,Tax Invoice,1.0,True,"Filename matches pattern: .*[Ii]nvoice.*\.xlsx; Keywords matched: tax invoice, invoice no, gstin, cgst, sgst, total amount, taxable amount"
N.J. Invoice 165-17625.pdf,Tax Invoice,Tax Invoice,1.0,True,"Filename matches pattern: .*[Ii]nvoice.*\.pdf; Keywords matched: tax invoice, invoice no, gstin, cgst, sgst, total amount, taxable amount"
N.J. Invoice 148.pdf,Tax Invoice,Tax Invoice,1.0,True,"Filename matches pattern: .*[Ii]nvoice.*\.pdf; Keywords matched: tax invoice, invoice no, gstin, cgst, sgst, total amount, taxable amount"
N.J. Invoice 149.xlsx,Tax Invoice,Tax Invoice,1.0,True,"Filename matches pattern: .*[Ii]nvoice.*\.xlsx; Keywords matched: tax invoice, invoice no, gstin, cgst, sgst, total amount, taxable amount"
N.J. Invoice 149.pdf,Tax Invoice,Tax Invoice,1.0,True,"Filename matches pattern: .*[Ii]nvoice.*\.pdf; Keywords matched: tax invoice, invoice no, gstin, cgst, sgst, total amount, taxable amount"
N.J. Pepsi Invoice 160-17621.xlsx,Tax Invoice,Tax Invoice,1.0,True,"Filename matches pattern: .*[Ii]nvoice.*\.xlsx; Keywords matched: tax invoice, invoice no, gstin, cgst, sgst, total amount, taxable amount"
N.J. Pepsi Invoice 160-17621.pdf,Tax Invoice,Tax Invoice,1.0,True,"Filename matches pattern: .*[Ii]nvoice.*\.pdf; Keywords matched: tax invoice, invoice no, gstin, cgst, sgst, total amount, taxable amount"
N.J. Pepsi Invoice 156.xlsx,Tax Invoice,Tax Invoice,1.0,True,"Filename matches pattern: .*[Ii]nvoice.*\.xlsx; Keywords matched: tax invoice, invoice no, gstin, cgst, sgst, total amount, taxable amount"
N.J. Invoice 139.xlsx,Tax Invoice,Tax Invoice,1.0,True,"Filename matches pattern: .*[Ii]nvoice.*\.xlsx; Keywords matched: tax invoice, invoice no, gstin, cgst, sgst, total amount, taxable amount"
N.J. Invoice 157-17619.pdf,Tax Invoice,Tax Invoice,1.0,True,"Filename matches pattern: .*[Ii]nvoice.*\.pdf; Keywords matched: tax invoice, invoice no, gstin, cgst, sgst, total amount, taxable amount"
N.J. Invoice 139.pdf,Tax Invoice,Tax Invoice,1.0,True,"Filename matches pattern: .*[Ii]nvoice.*\.pdf; Keywords matched: tax invoice, invoice no, gstin, cgst, sgst, total amount, taxable amount"
N.J. Invoice 135.xlsx,Tax Invoice,Tax Invoice,1.0,True,"Filename matches pattern: .*[Ii]nvoice.*\.xlsx; Keywords matched: tax invoice, invoice no, gstin, cgst, sgst, total amount, taxable amount"
N.J. Invoice 138.pdf,Tax Invoice,Tax Invoice,1.0,True,"Filename matches pattern: .*[Ii]nvoice.*\.pdf; Keywords matched: tax invoice, invoice no, gstin, cgst, sgst, total amount, taxable amount"
N.J. Pepsi Invoice 156-17618.xlsx,Tax Invoice,Tax Invoice,1.0,True,"Filename matches pattern: .*[Ii]nvoice.*\.xlsx; Keywords matched: tax invoice, invoice no, gstin, cgst, sgst, total amount, taxable amount"
N.J. Invoice 164-17624.pdf,Tax Invoice,Tax Invoice,1.0,True,"Filename matches pattern: .*[Ii]nvoice.*\.pdf; Keywords matched: tax invoice, invoice no, gstin, cgst, sgst, total amount, taxable amount"
N.J. Invoice 134.xlsx,Tax Invoice,Tax Invoice,1.0,True,"Filename matches pattern: .*[Ii]nvoice.*\.xlsx; Keywords matched: tax invoice, invoice no, gstin, cgst, sgst, total amount, taxable amount"
N.J. Invoice 138.xlsx,Tax Invoice,Tax Invoice,1.0,True,"Filename matches pattern: .*[Ii]nvoice.*\.xlsx; Keywords matched: tax invoice, invoice no, gstin, cgst, sgst, total amount, taxable amount"
N.J. Pepsi Invoice 141.xlsx,Tax Invoice,Tax Invoice,1.0,True,"Filename matches pattern: .*[Ii]nvoice.*\.xlsx; Keywords matched: tax invoice, invoice no, gstin, cgst, sgst, total amount, taxable amount"
N.J. Pepsi Invoice 167-17670.pdf,Tax Invoice,Tax Invoice,1.0,True,"Filename matches pattern: .*[Ii]nvoice.*\.pdf; Keywords matched: tax invoice, invoice no, gstin, cgst, sgst, total amount, taxable amount"
N.J. Pepsi Invoice 157-17656.pdf,Tax Invoice,Tax Invoice,1.0,True,"Filename matches pattern: .*[Ii]nvoice.*\.pdf; Keywords matched: tax invoice, invoice no, gstin, cgst, sgst, total amount, taxable amount"
N.J. Pepsi Invoice 123-17649.pdf,Tax Invoice,Tax Invoice,1.0,True,"Filename matches pattern: .*[Ii]nvoice.*\.pdf; Keywords matched: tax invoice, invoice no, gstin, cgst, sgst, total amount, taxable amount"
N.J. Pepsi Invoice 102-17645.xlsx,Tax Invoice,Tax Invoice,1.0,True,"Filename matches pattern: .*[Ii]nvoice.*\.xlsx; Keywords matched: tax invoice, invoice no, gstin, cgst, sgst, total amount, taxable amount"
N.J. Serum Invoice 086-17640.xlsx,Tax Invoice,Tax Invoice,1.0,True,"Filename matches pattern: .*[Ii]nvoice.*\.xlsx; Keywords matched: tax invoice, invoice no, gstin, cgst, sgst, total amount, taxable amount"
N.J. Pepsi Invoice 174-17672.xlsx,Tax Invoice,Tax Invoice,1.0,True,"Filename matches pattern: .*[Ii]nvoice.*\.xlsx; Keywords matched: tax invoice, invoice no, gstin, cgst, sgst, total amount, taxable amount"
N.J. Serum Invoice 080-17635.xlsx,Tax Invoice,Tax Invoice,1.0,True,"Filename matches pattern: .*[Ii]nvoice.*\.xlsx; Keywords matched: tax invoice, invoice no, gstin, cgst, sgst, total amount, taxable amount"
N.J. Pepsi Invoice 029-17629.xlsx,Tax Invoice,Tax Invoice,1.0,True,"Filename matches pattern: .*[Ii]nvoice.*\.xlsx; Keywords matched: tax invoice, invoice no, gstin, cgst, sgst, total amount, taxable amount"
N.J. Serum Invoice 077-17634.xlsx,Tax Invoice,Tax Invoice,1.0,True,"Filename matches pattern: .*[Ii]nvoice.*\.xlsx; Keywords matched: tax invoice, invoice no, gstin, cgst, sgst, total amount, taxable amount"
N.J. Serum Invoice 083-17637.pdf,Tax Invoice,Tax Invoice,1.0,True,"Filename matches pattern: .*[Ii]nvoice.*\.pdf; Keywords matched: tax invoice, invoice no, gstin, cgst, sgst, total amount, taxable amount"
N.J. Serum Invoice 074-17632.pdf,Tax Invoice,Tax Invoice,1.0,True,"Filename matches pattern: .*[Ii]nvoice.*\.pdf; Keywords matched: tax invoice, invoice no, gstin, cgst, sgst, total amount, taxable amount"
N.J. Serum Invoice 074-17633 B.xlsx,Tax Invoice,Tax Invoice,1.0,True,"Filename matches pattern: .*[Ii]nvoice.*\.xlsx; Keywords matched: tax invoice, invoice no, gstin, cgst, sgst, total amount, taxable amount"
N.J. Serum Invoice 085-17639.xlsx,Tax Invoice,Tax Invoice,1.0,True,"Filename matches pattern: .*[Ii]nvoice.*\.xlsx; Keywords matched: tax invoice, invoice no, gstin, cgst, sgst, total amount, taxable amount"
N.J. Pepsi Invoice 161-17664.pdf,Tax Invoice,Tax Invoice,1.0,True,"Filename matches pattern: .*[Ii]nvoice.*\.pdf; Keywords matched: tax invoice, invoice no, gstin, cgst, sgst, total amount, taxable amount"
N.J. Serum Invoice 083-17637.xlsx,Tax Invoice,Tax Invoice,1.0,True,"Filename matches pattern: .*[Ii]nvoice.*\.xlsx; Keywords matched: tax invoice, invoice no, gstin, cgst, sgst, total amount, taxable amount"
N.J. Serum Invoice 081-17631.xlsx,Tax Invoice,Tax Invoice,1.0,True,"Filename matches pattern: .*[Ii]nvoice.*\.xlsx; Keywords matched: tax invoice, invoice no, gstin, cgst, sgst, total amount, taxable amount"
N.J. Pepsi Invoice 149-17652.pdf,Tax Invoice,Tax Invoice,1.0,True,"Filename matches pattern: .*[Ii]nvoice.*\.pdf; Keywords matched: tax invoice, invoice no, gstin, cgst, sgst, total amount, taxable amount"
N.J. Pepsi Invoice 041-17630.pdf,Tax Invoice,Tax Invoice,1.0,True,"Filename matches pattern: .*[Ii]nvoice.*\.pdf; Keywords matched: tax invoice, invoice no, gstin, cgst, sgst, total amount, taxable amount"
N.J. Serum Invoice 078-17634.xlsx,Tax Invoice,Tax Invoice,1.0,True,"Filename matches pattern: .*[Ii]nvoice.*\.xlsx; Keywords matched: tax invoice, invoice no, gstin, cgst, sgst, total amount, taxable amount"
N.J. Serum Invoice 068-17631.xlsx,Tax Invoice,Tax Invoice,1.0,True,"Filename matches pattern: .*[Ii]nvoice.*\.xlsx; Keywords matched: tax invoice, invoice no, gstin, cgst, sgst, total amount, taxable amount"
N.J. Pepsi Invoice 103-17646.xlsx,Tax Invoice,Tax Invoice,1.0,True,"Filename matches pattern: .*[Ii]nvoice.*\.xlsx; Keywords matched: tax invoice, invoice no, gstin, cgst, sgst, total amount, taxable amount"
N.J. VAPI INV 158-17657.pdf,Tax Invoice,Tax Invoice,0.95,True,"Keywords matched: tax invoice, invoice no, gstin, igst, total amount, taxable amount"
N.J. Serum Invoice 081-17636.xlsx,Tax Invoice,Tax Invoice,1.0,True,"Filename matches pattern: .*[Ii]nvoice.*\.xlsx; Keywords matched: tax invoice, invoice no, gstin, cgst, sgst, total amount, taxable amount"
N.J. Pepsi Invoice 160-17661.pdf,Tax Invoice,Tax Invoice,1.0,True,"Filename matches pattern: .*[Ii]nvoice.*\.pdf; Keywords matched: tax invoice, invoice no, gstin, cgst, sgst, total amount, taxable amount"
N.J. VAPI INV 158-17657.xlsx,Tax Invoice,Tax Invoice,0.95,True,"Keywords matched: tax invoice, invoice no, gstin, igst, total amount, taxable amount"
N.J. Pepsi Invoice 170-17671.xlsx,Tax Invoice,Tax Invoice,1.0,True,"Filename matches pattern: .*[Ii]nvoice.*\.xlsx; Keywords matched: tax invoice, invoice no, gstin, cgst, sgst, total amount, taxable amount"
N.J. Pepsi Invoice 022-1.pdf,Tax Invoice,Tax Invoice,1.0,True,"Filename matches pattern: .*[Ii]nvoice.*\.pdf; Keywords matched: tax invoice, invoice no, gstin, cgst, sgst, total amount, taxable amount"
N.J. Serum Invoice 078-17634.pdf,Tax Invoice,Tax Invoice,1.0,True,"Filename matches pattern: .*[Ii]nvoice.*\.pdf; Keywords matched: tax invoice, invoice no, gstin, cgst, sgst, total amount, taxable amount"
N.J. Pepsi Invoice 100-17644.xlsx,Tax Invoice,Tax Invoice,1.0,True,"Filename matches pattern: .*[Ii]nvoice.*\.xlsx; Keywords matched: tax invoice, invoice no, gstin, cgst, sgst, total amount, taxable amount"
N.J. Pepsi Invoice 147-17651.xlsx,Tax Invoice,Tax Invoice,1.0,True,"Filename matches pattern: .*[Ii]nvoice.*\.xlsx; Keywords matched: tax invoice, invoice no, gstin, cgst, sgst, total amount, taxable amount"
N.J. Pepsi Invoice 123-17649.xlsx,Tax Invoice,Tax Invoice,1.0,True,"Filename matches pattern: .*[Ii]nvoice.*\.xlsx; Keywords matched: tax invoice, invoice no, gstin, cgst, sgst, total amount, taxable amount"
N.J. Pepsi Invoice 174-17672.pdf,Tax Invoice,Tax Invoice,1.0,True,"Filename matches pattern: .*[Ii]nvoice.*\.pdf; Keywords matched: tax invoice, invoice no, gstin, cgst, sgst, total amount, taxable amount"
N.J. Pepsi Invoice 100-17644.pdf,Tax Invoice,Tax Invoice,1.0,True,"Filename matches pattern: .*[Ii]nvoice.*\.pdf; Keywords matched: tax invoice, invoice no, gstin, cgst, sgst, total amount, taxable amount"
N.J. Serum Invoice 077-17633.xlsx,Tax Invoice,Tax Invoice,1.0,True,"Filename matches pattern: .*[Ii]nvoice.*\.xlsx; Keywords matched: tax invoice, invoice no, gstin, cgst, sgst, total amount, taxable amount"
N.J. Pepsi Invoice 149-17652.xlsx,Tax Invoice,Tax Invoice,1.0,True,"Filename matches pattern: .*[Ii]nvoice.*\.xlsx; Keywords matched: tax invoice, invoice no, gstin, cgst, sgst, total amount, taxable amount"
N.J. Pepsi Invoice 161-17664.xlsx,Tax Invoice,Tax Invoice,1.0,True,"Filename matches pattern: .*[Ii]nvoice.*\.xlsx; Keywords matched: tax invoice, invoice no, gstin, cgst, sgst, total amount, taxable amount"
N.J. Pepsi Invoice 160-17661.xlsx,Tax Invoice,Tax Invoice,1.0,True,"Filename matches pattern: .*[Ii]nvoice.*\.xlsx; Keywords matched: tax invoice, invoice no, gstin, cgst, sgst, total amount, taxable amount"
N.J. Pepsi Invoice 147-17651.pdf,Tax Invoice,Tax Invoice,1.0,True,"Filename matches pattern: .*[Ii]nvoice.*\.pdf; Keywords matched: tax invoice, invoice no, gstin, cgst, sgst, total amount, taxable amount"
N.J. Pepsi Invoice 028-17628.xlsx,Tax Invoice,Tax Invoice,1.0,True,"Filename matches pattern: .*[Ii]nvoice.*\.xlsx; Keywords matched: tax invoice, invoice no, gstin, cgst, sgst, total amount, taxable amount"
N.J. Serum Invoice 081-17635.pdf,Tax Invoice,Tax Invoice,1.0,True,"Filename matches pattern: .*[Ii]nvoice.*\.pdf; Keywords matched: tax invoice, invoice no, gstin, cgst, sgst, total amount, taxable amount"
N.J. Pepsi Invoice 167-17670.xlsx,Tax Invoice,Tax Invoice,1.0,True,"Filename matches pattern: .*[Ii]nvoice.*\.xlsx; Keywords matched: tax invoice, invoice no, gstin, cgst, sgst, total amount, taxable amount"
N.J. Pepsi Invoice 022-1.xlsx,Tax Invoice,Tax Invoice,1.0,True,"Filename matches pattern: .*[Ii]nvoice.*\.xlsx; Keywords matched: tax invoice, invoice no, gstin, cgst, sgst, total amount, taxable amount"
N.J. Serum Invoice 084-17638.pdf,Tax Invoice,Tax Invoice,1.0,True,"Filename matches pattern: .*[Ii]nvoice.*\.pdf; Keywords matched: tax invoice, invoice no, gstin, cgst, sgst, total amount, taxable amount"
N.J. Pepsi Invoice 029-17629.pdf,Tax Invoice,Tax Invoice,1.0,True,"Filename matches pattern: .*[Ii]nvoice.*\.pdf; Keywords matched: tax invoice, invoice no, gstin, cgst, sgst, total amount, taxable amount"
N.J. Serum Invoice 081-17636.pdf,Tax Invoice,Tax Invoice,1.0,True,"Filename matches pattern: .*[Ii]nvoice.*\.pdf; Keywords matched: tax invoice, invoice no, gstin, cgst, sgst, total amount, taxable amount"
N.J. Pepsi Invoice 041-17630.xlsx,Tax Invoice,Tax Invoice,1.0,True,"Filename matches pattern: .*[Ii]nvoice.*\.xlsx; Keywords matched: tax invoice, invoice no, gstin, cgst, sgst, total amount, taxable amount"
N.J. Pepsi Invoice 157-17656.xlsx,Tax Invoice,Tax Invoice,1.0,True,"Filename matches pattern: .*[Ii]nvoice.*\.xlsx; Keywords matched: tax invoice, invoice no, gstin, cgst, sgst, total amount, taxable amount"
N.J. Serum Invoice 074-17632.xlsx,Tax Invoice,Tax Invoice,1.0,True,"Filename matches pattern: .*[Ii]nvoice.*\.xlsx; Keywords matched: tax invoice, invoice no, gstin, cgst, sgst, total amount, taxable amount"
N.J. Pepsi Invoice 103-17646.pdf,Tax Invoice,Tax Invoice,1.0,True,"Filename matches pattern: .*[Ii]nvoice.*\.pdf; Keywords matched: tax invoice, invoice no, gstin, cgst, sgst, total amount, taxable amount"
N.J. Serum Invoice 084-17638.xlsx,Tax Invoice,Tax Invoice,1.0,True,"Filename matches pattern: .*[Ii]nvoice.*\.xlsx; Keywords matched: tax invoice, invoice no, gstin, cgst, sgst, total amount, taxable amount"
N.J. Serum Invoice 086-17640.pdf,Tax Invoice,Tax Invoice,1.0,True,"Filename matches pattern: .*[Ii]nvoice.*\.pdf; Keywords matched: tax invoice, invoice no, gstin, cgst, sgst, total amount, taxable amount"
N.J. Pepsi Invoice 146-17650.pdf,Tax Invoice,Tax Invoice,1.0,True,"Filename matches pattern: .*[Ii]nvoice.*\.pdf; Keywords matched: tax invoice, invoice no, gstin, cgst, sgst, total amount, taxable amount"
N.J. Pepsi Invoice 170-17671.pdf,Tax Invoice,Tax Invoice,1.0,True,"Filename matches pattern: .*[Ii]nvoice.*\.pdf; Keywords matched: tax invoice, invoice no, gstin, cgst, sgst, total amount, taxable amount"
N.J. Serum Invoice 080-17635.pdf,Tax Invoice,Tax Invoice,1.0,True,"Filename matches pattern: .*[Ii]nvoice.*\.pdf; Keywords matched: tax invoice, invoice no, gstin, cgst, sgst, total amount, taxable amount"
N.J. Serum Invoice 077-17633.pdf,Tax Invoice,Tax Invoice,1.0,True,"Filename matches pattern: .*[Ii]nvoice.*\.pdf; Keywords matched: tax invoice, invoice no, gstin, cgst, sgst, total amount, taxable amount"
N.J. Pepsi Invoice 028-17628.pdf,Tax Invoice,Tax Invoice,1.0,True,"Filename matches pattern: .*[Ii]nvoice.*\.pdf; Keywords matched: tax invoice, invoice no, gstin, cgst, sgst, total amount, taxable amount"
N.J. Serum Invoice 085-17639.pdf,Tax Invoice,Tax Invoice,1.0,True,"Filename matches pattern: .*[Ii]nvoice.*\.pdf; Keywords matched: tax invoice, invoice no, gstin, cgst, sgst, total amount, taxable amount"
N.J. Pepsi Invoice 146-17650.xlsx,Tax Invoice,Tax Invoice,1.0,True,"Filename matches pattern: .*[Ii]nvoice.*\.xlsx; Keywords matched: tax invoice, invoice no, gstin, cgst, sgst, total amount, taxable amount"
N.J. Serum Invoice 068-17631.pdf,Tax Invoice,Tax Invoice,1.0,True,"Filename matches pattern: .*[Ii]nvoice.*\.pdf; Keywords matched: tax invoice, invoice no, gstin, cgst, sgst, total amount, taxable amount"
N.J. Pepsi Invoice 102-17645.pdf,Tax Invoice,Tax Invoice,1.0,True,"Filename matches pattern: .*[Ii]nvoice.*\.pdf; Keywords matched: tax invoice, invoice no, gstin, cgst, sgst, total amount, taxable amount"
N.J. SERUM-28027- Inv-086.xlsx,Tax Invoice,Tax Invoice,0.95,True,"Keywords matched: tax invoice, invoice no, gstin, cgst, sgst, total amount, taxable amount"
N.J. SERUM-28033- Inv-104.pdf,Tax Invoice,Tax Invoice,0.95,True,"Keywords matched: tax invoice, invoice no, gstin, cgst, sgst, total amount, taxable amount"
N.J. SERUM-28023- Inv-081.pdf,Tax Invoice,Tax Invoice,0.95,True,"Keywords matched: tax invoice, invoice no, gstin, cgst, sgst, total amount, taxable amount"
N.J. SERUM-28032- Inv-103.pdf,Tax Invoice,Tax Invoice,0.95,True,"Keywords matched: tax invoice, invoice no, gstin, cgst, sgst, total amount, taxable amount"
NGE-N.J. SERUM-28027- Inv-086.pdf,Tax Invoice,Tax Invoice,0.95,True,"Keywords matched: tax invoice, invoice no, gstin, cgst, sgst, total amount, taxable amount"
N.J. SERUM-28025- Inv-083.pdf,Tax Invoice,Tax Invoice,0.95,True,"Keywords matched: tax invoice, invoice no, gstin, cgst, sgst, total amount, taxable amount"
N.J. SERUM-28032- Inv-103.xlsx,Tax Invoice,Tax Invoice,0.95,True,"Keywords matched: tax invoice, invoice no, gstin, cgst, sgst, total amount, taxable amount"
N.J. INV 50-28003.pdf,Tax Invoice,Tax Invoice,0.95,True,"Keywords matched: tax invoice, invoice no, gstin, cgst, sgst, total amount, taxable amount"
N.J. SERUM-28070- Inv-004.xlsx,Tax Invoice,Tax Invoice,0.95,True,"Keywords matched: tax invoice, invoice no, gstin, cgst, sgst, total amount, taxable amount"
N.J. SERUM-28023- Inv-081.xlsx,Tax Invoice,Tax Invoice,0.95,True,"Keywords matched: tax invoice, invoice no, gstin, cgst, sgst, total amount, taxable amount"
N.J. SERUM-28025- Inv-083.xlsx,Tax Invoice,Tax Invoice,0.95,True,"Keywords matched: tax invoice, invoice no, gstin, cgst, sgst, total amount, taxable amount"
28025 NGE-N.J. SERUM PUNE.pdf,Tax Invoice,Tax Invoice,1.0,True,"Filename matches pattern: \d{5}.*[Ss]erum.*\.pdf; Keywords matched: tax invoice, gstin, pan, hsn, sac"
N.J. SERUM-28008- Inv-065.pdf,Tax Invoice,Tax Invoice,0.95,True,"Keywords matched: tax invoice, invoice no, gstin, cgst, sgst, total amount, taxable amount"
28025 NGE-N.J. SERUM PUNE.xlsx,Tax Invoice,Tax Invoice,1.0,True,"Filename matches pattern: \d{5}.*[Ss]erum.*\.xlsx; Keywords matched: tax invoice, gstin, pan, hsn, sac"
N.J. SERUM-28033- Inv-104.xlsx,Tax Invoice,Tax Invoice,0.95,True,"Keywords matched: tax invoice, invoice no, gstin, cgst, sgst, total amount, taxable amount"
N.J. INV 50-28003.xlsx,Tax Invoice,Tax Invoice,0.95,True,"Keywords matched: tax invoice, invoice no, gstin, cgst, sgst, total amount, taxable amount"
N.J. SERUM-28008- Inv-065.xlsx,Tax Invoice,Tax Invoice,0.95,True,"Keywords matched: tax invoice, invoice no, gstin, cgst, sgst, total amount, taxable amount"
PEPSI 24-1 .pdf,Tax Invoice,Tax Invoice,0.95,True,"Keywords matched: tax invoice, gstin, pan, hsn, sac"
PEPSI 17649.xlsx,Tax Invoice,Tax Invoice,0.95,True,"Keywords matched: tax invoice, gstin, pan, hsn, sac"
PEPSI 17618.pdf,Tax Invoice,Tax Invoice,0.95,True,"Keywords matched: tax invoice, gstin, pan, hsn, sac"
PEPSI 17645.xlsx,Tax Invoice,Tax Invoice,0.95,True,"Keywords matched: tax invoice, gstin, pan, hsn, sac"
PEPSI 17652.xlsx,Tax Invoice,Tax Invoice,0.95,True,"Keywords matched: tax invoice, gstin, pan, hsn, sac"
PEPSI 17644.xlsx,Tax Invoice,Tax Invoice,0.95,True,"Keywords matched: tax invoice, gstin, pan, hsn, sac"
PEPSI 17620.pdf,Tax Invoice,Tax Invoice,0.95,True,"Keywords matched: tax invoice, gstin, pan, hsn, sac"
PEPSI 17609.pdf,Tax Invoice,Tax Invoice,0.95,True,"Keywords matched: tax invoice, gstin, pan, hsn, sac"
PEPSI 17621.pdf,Tax Invoice,Tax Invoice,0.95,True,"Keywords matched: tax invoice, gstin, pan, hsn, sac"
PEPSI 17609.xlsx,Tax Invoice,Tax Invoice,0.95,True,"Keywords matched: tax invoice, gstin, pan, hsn, sac"
PEPSI 17623.pdf,Tax Invoice,Tax Invoice,0.95,True,"Keywords matched: tax invoice, gstin, pan, hsn, sac"
PEPSI 17648.xlsx,Tax Invoice,Tax Invoice,0.95,True,"Keywords matched: tax invoice, gstin, pan, hsn, sac"
PEPSI 26-1 .pdf,Tax Invoice,Tax Invoice,0.95,True,"Keywords matched: tax invoice, gstin, pan, hsn, sac"
PEPSI 17664.xlsx,Tax Invoice,Tax Invoice,0.95,True,"Keywords matched: tax invoice, gstin, pan, hsn, sac"
PEPSI 17622.pdf,Tax Invoice,Tax Invoice,0.95,True,"Keywords matched: tax invoice, gstin, pan, hsn, sac"
PEPSI 24-1 .xlsx,Tax Invoice,Tax Invoice,0.95,True,"Keywords matched: tax invoice, gstin, pan, hsn, sac"
PEPSI 17672.xlsx,Tax Invoice,Tax Invoice,0.95,True,"Keywords matched: tax invoice, gstin, pan, hsn, sac"
PEPSI 17645.pdf,Tax Invoice,Tax Invoice,0.95,True,"Keywords matched: tax invoice, gstin, pan, hsn, sac"
PEPSI 17614.xlsx,Tax Invoice,Tax Invoice,0.95,True,"Keywords matched: tax invoice, gstin, pan, hsn, sac"
PEPSI 17650.pdf,Tax Invoice,Tax Invoice,0.95,True,"Keywords matched: tax invoice, gstin, pan, hsn, sac"
PEPSI 17644.pdf,Tax Invoice,Tax Invoice,0.95,True,"Keywords matched: tax invoice, gstin, pan, hsn, sac"
PEPSI 17622.xlsx,Tax Invoice,Tax Invoice,0.95,True,"Keywords matched: tax invoice, gstin, pan, hsn, sac"
PEPSI 17652.pdf,Tax Invoice,Tax Invoice,0.95,True,"Keywords matched: tax invoice, gstin, pan, hsn, sac"
PEPSI 17618.xlsx,Tax Invoice,Tax Invoice,0.95,True,"Keywords matched: tax invoice, gstin, pan, hsn, sac"
PEPSI 26-1 .xlsx,Tax Invoice,Tax Invoice,0.95,True,"Keywords matched: tax invoice, gstin, pan, hsn, sac"
PEPSI 17647.pdf,Tax Invoice,Tax Invoice,0.95,True,"Keywords matched: tax invoice, gstin, pan, hsn, sac"
PEPSI 17656.pdf,Tax Invoice,Tax Invoice,0.95,True,"Keywords matched: tax invoice, gstin, pan, hsn, sac"
PEPSI 17623.xlsx,Tax Invoice,Tax Invoice,0.95,True,"Keywords matched: tax invoice, gstin, pan, hsn, sac"
PEPSI 17615.xlsx,Tax Invoice,Tax Invoice,0.95,True,"Keywords matched: tax invoice, gstin, pan, hsn, sac"
PEPSI 17641.pdf,Tax Invoice,Tax Invoice,0.95,True,"Keywords matched: tax invoice, gstin, pan, hsn, sac"
PEPSI 17641.xlsx,Tax Invoice,Tax Invoice,0.95,True,"Keywords matched: tax invoice, gstin, pan, hsn, sac"
PEPSI 17664.pdf,Tax Invoice,Tax Invoice,0.95,True,"Keywords matched: tax invoice, gstin, pan, hsn, sac"
PEPSI 17670.pdf,Tax Invoice,Tax Invoice,0.95,True,"Keywords matched: tax invoice, gstin, pan, hsn, sac"
PEPSI 17616.xlsx,Tax Invoice,Tax Invoice,0.95,True,"Keywords matched: tax invoice, gstin, pan, hsn, sac"
PEPSI 17671.pdf,Tax Invoice,Tax Invoice,0.95,True,"Keywords matched: tax invoice, gstin, pan, hsn, sac"
~$PEPSI 17646.xlsx,Tax Invoice,Unknown,0.0,False,No detection methods matched
PEPSI 17661.xlsx,Tax Invoice,Tax Invoice,0.95,True,"Keywords matched: tax invoice, gstin, pan, hsn, sac"
PEPSI 17672.pdf,Tax Invoice,Tax Invoice,0.95,True,"Keywords matched: tax invoice, gstin, pan, hsn, sac"
PEPSI 17620.xlsx,Tax Invoice,Tax Invoice,0.95,True,"Keywords matched: tax invoice, gstin, pan, hsn, sac"
PEPSI 17621.xlsx,Tax Invoice,Tax Invoice,0.95,True,"Keywords matched: tax invoice, gstin, pan, hsn, sac"
PEPSI 17661.pdf,Tax Invoice,Tax Invoice,0.95,True,"Keywords matched: tax invoice, gstin, pan, hsn, sac"
PEPSI 17649.pdf,Tax Invoice,Tax Invoice,0.95,True,"Keywords matched: tax invoice, gstin, pan, hsn, sac"
PEPSI 17617.xlsx,Tax Invoice,Tax Invoice,0.95,True,"Keywords matched: tax invoice, gstin, pan, hsn, sac"
PEPSI 17648.pdf,Tax Invoice,Tax Invoice,0.95,True,"Keywords matched: tax invoice, gstin, pan, hsn, sac"
PEPSI 17656.xlsx,Tax Invoice,Tax Invoice,0.95,True,"Keywords matched: tax invoice, gstin, pan, hsn, sac"
PEPSI 17671.xlsx,Tax Invoice,Tax Invoice,0.95,True,"Keywords matched: tax invoice, gstin, pan, hsn, sac"
PEPSI 17647.xlsx,Tax Invoice,Tax Invoice,0.95,True,"Keywords matched: tax invoice, gstin, pan, hsn, sac"
PEPSI 17614#4027.pdf,Tax Invoice,Tax Invoice,0.95,True,"Keywords matched: tax invoice, gstin, pan, hsn, sac"
PEPSI 17615.pdf,Tax Invoice,Tax Invoice,0.95,True,"Keywords matched: tax invoice, gstin, pan, hsn, sac"
PEPSI 17614.pdf,Tax Invoice,Tax Invoice,0.95,True,"Keywords matched: tax invoice, gstin, pan, hsn, sac"
PEPSI 17646.xlsx,Tax Invoice,Tax Invoice,0.95,True,"Keywords matched: tax invoice, gstin, pan, hsn, sac"
PEPSI 17650.xlsx,Tax Invoice,Tax Invoice,0.95,True,"Keywords matched: tax invoice, gstin, pan, hsn, sac"
PEPSI 17670.xlsx,Tax Invoice,Tax Invoice,0.95,True,"Keywords matched: tax invoice, gstin, pan, hsn, sac"
PEPSI 17616.pdf,Tax Invoice,Tax Invoice,0.95,True,"Keywords matched: tax invoice, gstin, pan, hsn, sac"
PEPSI 17617.pdf,Tax Invoice,Tax Invoice,0.95,True,"Keywords matched: tax invoice, gstin, pan, hsn, sac"
PEPSI 17673.pdf,Tax Invoice,Tax Invoice,0.95,True,"Keywords matched: tax invoice, gstin, pan, hsn, sac"
PEPSI 17673.xlsx,Tax Invoice,Tax Invoice,0.95,True,"Keywords matched: tax invoice, gstin, pan, hsn, sac"
PEPSI 17628.xlsx,Tax Invoice,Tax Invoice,0.95,True,"Keywords matched: tax invoice, gstin, pan, hsn, sac"
PEPSI 001.pdf,Tax Invoice,Tax Invoice,0.95,True,"Keywords matched: tax invoice, gstin, pan, hsn, sac"
PEPSI 17630.pdf,Tax Invoice,Tax Invoice,0.95,True,"Keywords matched: tax invoice, gstin, pan, hsn, sac"
PEPSI 17629.xlsx,Tax Invoice,Tax Invoice,0.95,True,"Keywords matched: tax invoice, gstin, pan, hsn, sac"
17627 N.J. SERUM PUNE .xlsx,Tax Invoice,Tax Invoice,1.0,True,"Filename matches pattern: \d{5}.*[Ss]erum.*\.xlsx; Keywords matched: tax invoice, gstin, pan, hsn, sac"
PEPSI 17672.xlsx,Tax Invoice,Tax Invoice,0.95,True,"Keywords matched: tax invoice, gstin, pan, hsn, sac"
17636 N.J. SERUM PUNE .pdf,Tax Invoice,Tax Invoice,1.0,True,"Filename matches pattern: \d{5}.*[Ss]erum.*\.pdf; Keywords matched: tax invoice, gstin, pan, hsn, sac"
PEPSI 17651.pdf,Tax Invoice,Tax Invoice,0.95,True,"Keywords matched: tax invoice, gstin, pan, hsn, sac"
17635 N.J. SERUM PUNE .xlsx,Tax Invoice,Tax Invoice,1.0,True,"Filename matches pattern: \d{5}.*[Ss]erum.*\.xlsx; Keywords matched: tax invoice, gstin, pan, hsn, sac"
17627 N.J. SERUM PUNE .pdf,Tax Invoice,Tax Invoice,1.0,True,"Filename matches pattern: \d{5}.*[Ss]erum.*\.pdf; Keywords matched: tax invoice, gstin, pan, hsn, sac"
PEPSI 17672.pdf,Tax Invoice,Tax Invoice,0.95,True,"Keywords matched: tax invoice, gstin, pan, hsn, sac"
PEPSI 001.xlsx,Tax Invoice,Tax Invoice,0.95,True,"Keywords matched: tax invoice, gstin, pan, hsn, sac"
17635 N.J. SERUM PUNE .pdf,Tax Invoice,Tax Invoice,1.0,True,"Filename matches pattern: \d{5}.*[Ss]erum.*\.pdf; Keywords matched: tax invoice, gstin, pan, hsn, sac"
17636 N.J. SERUM PUNE .xlsx,Tax Invoice,Tax Invoice,1.0,True,"Filename matches pattern: \d{5}.*[Ss]erum.*\.xlsx; Keywords matched: tax invoice, gstin, pan, hsn, sac"
PEPSI 17630.xlsx,Tax Invoice,Tax Invoice,0.95,True,"Keywords matched: tax invoice, gstin, pan, hsn, sac"
PEPSI 17651.xlsx,Tax Invoice,Tax Invoice,0.95,True,"Keywords matched: tax invoice, gstin, pan, hsn, sac"
PEPSI 17629.pdf,Tax Invoice,Tax Invoice,0.95,True,"Keywords matched: tax invoice, gstin, pan, hsn, sac"
PEPSI 17628.pdf,Tax Invoice,Tax Invoice,0.95,True,"Keywords matched: tax invoice, gstin, pan, hsn, sac"
N J Ledger 11-5-26.xlsx,Tax Invoice,Ledger,0.8,False,Filename matches pattern: .*[Ll]edger.*
N J Ledger 2026-27.pdf,Tax Invoice,Ledger,0.8,False,Filename matches pattern: .*[Ll]edger.*
N.J. SERUM-28100- Inv-046.pdf,Tax Invoice,Tax Invoice,0.95,True,"Keywords matched: tax invoice, invoice no, gstin, cgst, sgst, total amount, taxable amount"
N.J. SERUM-28094- Inv-028.pdf,Tax Invoice,Tax Invoice,0.95,True,"Keywords matched: tax invoice, invoice no, gstin, cgst, sgst, total amount, taxable amount"
N.J. SERUM-28085- Inv-020.pdf,Tax Invoice,Tax Invoice,0.95,True,"Keywords matched: tax invoice, invoice no, gstin, cgst, sgst, total amount, taxable amount"
N.J. SERUM-28084- Inv-018.xlsx,Tax Invoice,Tax Invoice,0.95,True,"Keywords matched: tax invoice, invoice no, gstin, cgst, sgst, total amount, taxable amount"
N.J. SERUM-28079- Inv-014.pdf,Tax Invoice,Tax Invoice,0.95,True,"Keywords matched: tax invoice, invoice no, gstin, cgst, sgst, total amount, taxable amount"
N.J. SERUM-28090- Inv-023.xlsx,Tax Invoice,Tax Invoice,0.95,True,"Keywords matched: tax invoice, invoice no, gstin, cgst, sgst, total amount, taxable amount"
N.J. SERUM-28090- Inv-023.pdf,Tax Invoice,Tax Invoice,0.95,True,"Keywords matched: tax invoice, invoice no, gstin, cgst, sgst, total amount, taxable amount"
N.J. SERUM-28091- Inv-024.pdf,Tax Invoice,Tax Invoice,0.95,True,"Keywords matched: tax invoice, invoice no, gstin, cgst, sgst, total amount, taxable amount"
N.J. SERUM-28096- Inv-031.pdf,Tax Invoice,Tax Invoice,0.95,True,"Keywords matched: tax invoice, invoice no, gstin, cgst, sgst, total amount, taxable amount"
N.J. SERUM-28084- Inv-018.pdf,Tax Invoice,Tax Invoice,0.95,True,"Keywords matched: tax invoice, invoice no, gstin, cgst, sgst, total amount, taxable amount"
N.J. SERUM-28085- Inv-020.xlsx,Tax Invoice,Tax Invoice,0.95,True,"Keywords matched: tax invoice, invoice no, gstin, cgst, sgst, total amount, taxable amount"
N.J. SERUM-28086- Inv-021.xlsx,Tax Invoice,Tax Invoice,0.95,True,"Keywords matched: tax invoice, invoice no, gstin, cgst, sgst, total amount, taxable amount"
N.J. SERUM-28080- Inv-015.xlsx,Tax Invoice,Tax Invoice,0.95,True,"Keywords matched: tax invoice, invoice no, gstin, cgst, sgst, total amount, taxable amount"
N.J. SERUM-28097- Inv-042.xlsx,Tax Invoice,Tax Invoice,0.95,True,"Keywords matched: tax invoice, invoice no, gstin, cgst, sgst, total amount, taxable amount"
N.J. SERUM-28099- Inv-045.xlsx,Tax Invoice,Tax Invoice,0.95,True,"Keywords matched: tax invoice, gstin, cgst, sgst, total amount, taxable amount"
N.J. SERUM-28082- Inv-017.xlsx,Tax Invoice,Tax Invoice,0.95,True,"Keywords matched: tax invoice, invoice no, gstin, cgst, sgst, total amount, taxable amount"
N.J. SERUM-28080- Inv-016.pdf,Tax Invoice,Tax Invoice,0.95,True,"Keywords matched: tax invoice, invoice no, gstin, cgst, sgst, total amount, taxable amount"
N.J. SERUM-28096- Inv-031.xlsx,Tax Invoice,Tax Invoice,0.95,True,"Keywords matched: tax invoice, invoice no, gstin, cgst, sgst, total amount, taxable amount"
N.J. SERUM-28079- Inv-014.xlsx,Tax Invoice,Tax Invoice,0.95,True,"Keywords matched: tax invoice, invoice no, gstin, cgst, sgst, total amount, taxable amount"
N.J. SERUM-28095- Inv-030.xlsx,Tax Invoice,Tax Invoice,0.95,True,"Keywords matched: tax invoice, invoice no, gstin, cgst, sgst, total amount, taxable amount"
N.J. SERUM-28076- Inv-009.pdf,Tax Invoice,Tax Invoice,0.95,True,"Keywords matched: tax invoice, invoice no, gstin, cgst, sgst, total amount, taxable amount"
N.J. SERUM-28070- Inv-004.xlsx,Tax Invoice,Tax Invoice,0.95,True,"Keywords matched: tax invoice, invoice no, gstin, cgst, sgst, total amount, taxable amount"
N.J. SERUM-28097- Inv-041.pdf,Tax Invoice,Tax Invoice,0.95,True,"Keywords matched: tax invoice, invoice no, gstin, cgst, sgst, total amount, taxable amount"
N.J. SERUM-28088- Inv-022.pdf,Tax Invoice,Tax Invoice,0.95,True,"Keywords matched: tax invoice, invoice no, gstin, cgst, sgst, total amount, taxable amount"
N.J. SERUM-28092- Inv-026.xlsx,Tax Invoice,Tax Invoice,0.95,True,"Keywords matched: tax invoice, invoice no, gstin, cgst, sgst, total amount, taxable amount"
N.J. SERUM-28071- Inv-006.xlsx,Tax Invoice,Tax Invoice,0.95,True,"Keywords matched: tax invoice, invoice no, gstin, cgst, sgst, total amount, taxable amount"
N.J. SERUM-28094- Inv-028.xlsx,Tax Invoice,Tax Invoice,0.95,True,"Keywords matched: tax invoice, invoice no, gstin, cgst, sgst, total amount, taxable amount"
N.J. SERUM-28077- Inv-010.pdf,Tax Invoice,Tax Invoice,0.95,True,"Keywords matched: tax invoice, invoice no, gstin, cgst, sgst, total amount, taxable amount"
N.J. SERUM-28070- Inv-004.pdf,Tax Invoice,Tax Invoice,0.95,True,"Keywords matched: tax invoice, invoice no, gstin, cgst, sgst, total amount, taxable amount"
N.J. SERUM-28091- Inv-024.xlsx,Tax Invoice,Tax Invoice,0.95,True,"Keywords matched: tax invoice, invoice no, gstin, cgst, sgst, total amount, taxable amount"
N.J. SERUM-28076- Inv-009.xlsx,Tax Invoice,Tax Invoice,0.95,True,"Keywords matched: tax invoice, invoice no, gstin, cgst, sgst, total amount, taxable amount"
N.J. SERUM-28077- Inv-010.xlsx,Tax Invoice,Tax Invoice,0.95,True,"Keywords matched: tax invoice, invoice no, gstin, cgst, sgst, total amount, taxable amount"
N.J. SERUM-28088- Inv-022.xlsx,Tax Invoice,Tax Invoice,0.95,True,"Keywords matched: tax invoice, invoice no, gstin, cgst, sgst, total amount, taxable amount"
N.J. SERUM-28098- Inv-042.xlsx,Tax Invoice,Tax Invoice,0.95,True,"Keywords matched: tax invoice, invoice no, gstin, cgst, sgst, total amount, taxable amount"
N.J. SERUM-28071- Inv-006.pdf,Tax Invoice,Tax Invoice,0.95,True,"Keywords matched: tax invoice, invoice no, gstin, cgst, sgst, total amount, taxable amount"
N.J. SERUM-28092- Inv-026.pdf,Tax Invoice,Tax Invoice,0.95,True,"Keywords matched: tax invoice, invoice no, gstin, cgst, sgst, total amount, taxable amount"
N.J. SERUM-28086- Inv-021.pdf,Tax Invoice,Tax Invoice,0.95,True,"Keywords matched: tax invoice, invoice no, gstin, cgst, sgst, total amount, taxable amount"
N.J. SERUM-28098- Inv-042.pdf,Tax Invoice,Tax Invoice,0.95,True,"Keywords matched: tax invoice, invoice no, gstin, cgst, sgst, total amount, taxable amount"
N.J. SERUM-28099- Inv-045.pdf,Tax Invoice,Tax Invoice,0.95,True,"Keywords matched: tax invoice, gstin, cgst, sgst, total amount, taxable amount"
N.J. SERUM-28082- Inv-017.pdf,Tax Invoice,Tax Invoice,0.95,True,"Keywords matched: tax invoice, invoice no, gstin, cgst, sgst, total amount, taxable amount"
N.J. SERUM-28100- Inv-046.xlsx,Tax Invoice,Tax Invoice,0.95,True,"Keywords matched: tax invoice, invoice no, gstin, cgst, sgst, total amount, taxable amount"
N.J. SERUM-28095- Inv-030.pdf,Tax Invoice,Tax Invoice,0.95,True,"Keywords matched: tax invoice, invoice no, gstin, cgst, sgst, total amount, taxable amount"
N.J. SERUM-28080- Inv-016.xlsx,Tax Invoice,Tax Invoice,0.95,True,"Keywords matched: tax invoice, invoice no, gstin, cgst, sgst, total amount, taxable amount"
N.J. SERUM-28097- Inv-041.xlsx,Tax Invoice,Tax Invoice,0.95,True,"Keywords matched: tax invoice, invoice no, gstin, cgst, sgst, total amount, taxable amount"
28071  NGE-N.J. SERUM PUNE.pdf,Tax Invoice,Tax Invoice,1.0,True,"Filename matches pattern: \d{5}.*[Ss]erum.*\.pdf; Keywords matched: tax invoice, gstin, pan, hsn, sac"
28079  NGE-N.J. SERUM PUNE.pdf,Tax Invoice,Tax Invoice,1.0,True,"Filename matches pattern: \d{5}.*[Ss]erum.*\.pdf; Keywords matched: tax invoice, gstin, pan, hsn, sac"
28097  NGE-N.J. SERUM PUNE.pdf,Tax Invoice,Tax Invoice,1.0,True,"Filename matches pattern: \d{5}.*[Ss]erum.*\.pdf; Keywords matched: tax invoice, gstin, pan, hsn, sac"
28098  NGE-N.J. SERUM PUNE-2.pdf,Tax Invoice,Tax Invoice,1.0,True,"Filename matches pattern: \d{5}.*[Ss]erum.*\.pdf; Keywords matched: tax invoice, gstin, pan, hsn, sac"
28070 - 2 NGE-N.J. SERUM PUNE.xlsx,Tax Invoice,Tax Invoice,1.0,True,"Filename matches pattern: \d{5}.*[Ss]erum.*\.xlsx; Keywords matched: tax invoice, gstin, pan, hsn, sac"
28093 NBF-N.J. SERUM PUNE.pdf,Tax Invoice,Tax Invoice,1.0,True,"Filename matches pattern: \d{5}.*[Ss]erum.*\.pdf; Keywords matched: tax invoice, gstin, pan, hsn, sac"
28095 NGE-N.J. SERUM PUNE.xlsx,Tax Invoice,Tax Invoice,1.0,True,"Filename matches pattern: \d{5}.*[Ss]erum.*\.xlsx; Keywords matched: tax invoice, gstin, pan, hsn, sac"
28091 NGE-N.J. SERUM PUNE.xlsx,Tax Invoice,Tax Invoice,1.0,True,"Filename matches pattern: \d{5}.*[Ss]erum.*\.xlsx; Keywords matched: tax invoice, gstin, pan, hsn, sac"
28100  NGE-N.J. SERUM PUNE.xlsx,Tax Invoice,Tax Invoice,1.0,True,"Filename matches pattern: \d{5}.*[Ss]erum.*\.xlsx; Keywords matched: tax invoice, gstin, pan, hsn, sac"
28100  NGE-N.J. SERUM PUNE.pdf,Tax Invoice,Tax Invoice,1.0,True,"Filename matches pattern: \d{5}.*[Ss]erum.*\.pdf; Keywords matched: tax invoice, gstin, pan, hsn, sac"
28086  NGE-N.J. SERUM PUNE.xlsx,Tax Invoice,Tax Invoice,1.0,True,"Filename matches pattern: \d{5}.*[Ss]erum.*\.xlsx; Keywords matched: tax invoice, gstin, pan, hsn, sac"
28085  NGE-N.J. SERUM PUNE.pdf,Tax Invoice,Tax Invoice,1.0,True,"Filename matches pattern: \d{5}.*[Ss]erum.*\.pdf; Keywords matched: tax invoice, gstin, pan, hsn, sac"
28090 NGE-N.J. SERUM PUNE.xlsx,Tax Invoice,Tax Invoice,1.0,True,"Filename matches pattern: \d{5}.*[Ss]erum.*\.xlsx; Keywords matched: tax invoice, gstin, pan, hsn, sac"
28090 NGE-N.J. SERUM PUNE.pdf,Tax Invoice,Tax Invoice,1.0,True,"Filename matches pattern: \d{5}.*[Ss]erum.*\.pdf; Keywords matched: tax invoice, gstin, pan, hsn, sac"
28088  NGE-N.J. SERUM PUNE.pdf,Tax Invoice,Tax Invoice,1.0,True,"Filename matches pattern: \d{5}.*[Ss]erum.*\.pdf; Keywords matched: tax invoice, gstin, pan, hsn, sac"
28094 NGE-N.J. SERUM PUNE.xlsx,Tax Invoice,Tax Invoice,1.0,True,"Filename matches pattern: \d{5}.*[Ss]erum.*\.xlsx; Keywords matched: tax invoice, gstin, pan, hsn, sac"
28084  NGE-N.J. SERUM PUNE.pdf,Tax Invoice,Tax Invoice,1.0,True,"Filename matches pattern: \d{5}.*[Ss]erum.*\.pdf; Keywords matched: tax invoice, gstin, pan, hsn, sac"
28080  NGE-N.J. SERUM PUNE.pdf,Tax Invoice,Tax Invoice,1.0,True,"Filename matches pattern: \d{5}.*[Ss]erum.*\.pdf; Keywords matched: tax invoice, gstin, pan, hsn, sac"
28070  NGE-N.J. SERUM PUNE.xlsx,Tax Invoice,Tax Invoice,1.0,True,"Filename matches pattern: \d{5}.*[Ss]erum.*\.xlsx; Keywords matched: tax invoice, gstin, pan, hsn, sac"
28077  NGE-N.J. SERUM PUNE.xlsx,Tax Invoice,Tax Invoice,1.0,True,"Filename matches pattern: \d{5}.*[Ss]erum.*\.xlsx; Keywords matched: tax invoice, gstin, pan, hsn, sac"
28099  NGE-N.J. SERUM PUNE.xlsx,Tax Invoice,Tax Invoice,1.0,True,"Filename matches pattern: \d{5}.*[Ss]erum.*\.xlsx; Keywords matched: tax invoice, gstin, pan, hsn, sac"
28094 NGE-N.J. SERUM PUNE.pdf,Tax Invoice,Tax Invoice,1.0,True,"Filename matches pattern: \d{5}.*[Ss]erum.*\.pdf; Keywords matched: tax invoice, gstin, pan, hsn, sac"
28070  NGE-N.J. SERUM PUNE.pdf,Tax Invoice,Tax Invoice,1.0,True,"Filename matches pattern: \d{5}.*[Ss]erum.*\.pdf; Keywords matched: tax invoice, gstin, pan, hsn, sac"
28084  NGE-N.J. SERUM PUNE.xlsx,Tax Invoice,Tax Invoice,1.0,True,"Filename matches pattern: \d{5}.*[Ss]erum.*\.xlsx; Keywords matched: tax invoice, gstin, pan, hsn, sac"
28098  NGE-N.J. SERUM PUNE-2.xlsx,Tax Invoice,Tax Invoice,1.0,True,"Filename matches pattern: \d{5}.*[Ss]erum.*\.xlsx; Keywords matched: tax invoice, gstin, pan, hsn, sac"
28082  NGE-N.J. SERUM PUNE.pdf,Tax Invoice,Tax Invoice,1.0,True,"Filename matches pattern: \d{5}.*[Ss]erum.*\.pdf; Keywords matched: tax invoice, gstin, pan, hsn, sac"
28092 NGE-N.J. SERUM PUNE.pdf,Tax Invoice,Tax Invoice,1.0,True,"Filename matches pattern: \d{5}.*[Ss]erum.*\.pdf; Keywords matched: tax invoice, gstin, pan, hsn, sac"
28086  NGE-N.J. SERUM PUNE.pdf,Tax Invoice,Tax Invoice,1.0,True,"Filename matches pattern: \d{5}.*[Ss]erum.*\.pdf; Keywords matched: tax invoice, gstin, pan, hsn, sac"
28085  NGE-N.J. SERUM PUNE.xlsx,Tax Invoice,Tax Invoice,1.0,True,"Filename matches pattern: \d{5}.*[Ss]erum.*\.xlsx; Keywords matched: tax invoice, gstin, pan, hsn, sac"
28096 NGE-N.J. SERUM PUNE.xlsx,Tax Invoice,Tax Invoice,1.0,True,"Filename matches pattern: \d{5}.*[Ss]erum.*\.xlsx; Keywords matched: tax invoice, gstin, pan, hsn, sac"
28076  NGE-N.J. SERUM PUNE.xlsx,Tax Invoice,Tax Invoice,1.0,True,"Filename matches pattern: \d{5}.*[Ss]erum.*\.xlsx; Keywords matched: tax invoice, gstin, pan, hsn, sac"
28098  NGE-N.J. SERUM PUNE.xlsx,Tax Invoice,Tax Invoice,1.0,True,"Filename matches pattern: \d{5}.*[Ss]erum.*\.xlsx; Keywords matched: tax invoice, gstin, pan, hsn, sac"
28092 NGE-N.J. SERUM PUNE.xlsx,Tax Invoice,Tax Invoice,1.0,True,"Filename matches pattern: \d{5}.*[Ss]erum.*\.xlsx; Keywords matched: tax invoice, gstin, pan, hsn, sac"
28096 NGE-N.J. SERUM PUNE.pdf,Tax Invoice,Tax Invoice,1.0,True,"Filename matches pattern: \d{5}.*[Ss]erum.*\.pdf; Keywords matched: tax invoice, gstin, pan, hsn, sac"
28071  NGE-N.J. SERUM PUNE.xlsx,Tax Invoice,Tax Invoice,1.0,True,"Filename matches pattern: \d{5}.*[Ss]erum.*\.xlsx; Keywords matched: tax invoice, gstin, pan, hsn, sac"
28097  NGE-N.J. SERUM PUNE.xlsx,Tax Invoice,Tax Invoice,1.0,True,"Filename matches pattern: \d{5}.*[Ss]erum.*\.xlsx; Keywords matched: tax invoice, gstin, pan, hsn, sac"
28079  NGE-N.J. SERUM PUNE.xlsx,Tax Invoice,Tax Invoice,1.0,True,"Filename matches pattern: \d{5}.*[Ss]erum.*\.xlsx; Keywords matched: tax invoice, gstin, pan, hsn, sac"
28082  NGE-N.J. SERUM PUNE.xlsx,Tax Invoice,Tax Invoice,1.0,True,"Filename matches pattern: \d{5}.*[Ss]erum.*\.xlsx; Keywords matched: tax invoice, gstin, pan, hsn, sac"
28098  NGE-N.J. SERUM PUNE.pdf,Tax Invoice,Tax Invoice,1.0,True,"Filename matches pattern: \d{5}.*[Ss]erum.*\.pdf; Keywords matched: tax invoice, gstin, pan, hsn, sac"
28076  NGE-N.J. SERUM PUNE.pdf,Tax Invoice,Tax Invoice,1.0,True,"Filename matches pattern: \d{5}.*[Ss]erum.*\.pdf; Keywords matched: tax invoice, gstin, pan, hsn, sac"
28070 - 2 NGE-N.J. SERUM PUNE.pdf,Tax Invoice,Tax Invoice,1.0,True,"Filename matches pattern: \d{5}.*[Ss]erum.*\.pdf; Keywords matched: tax invoice, gstin, pan, hsn, sac"
28087  NGE-N.J. SERUM PUNE.xlsx,Tax Invoice,Tax Invoice,1.0,True,"Filename matches pattern: \d{5}.*[Ss]erum.*\.xlsx; Keywords matched: tax invoice, gstin, pan, hsn, sac"
28093 NBF-N.J. SERUM PUNE.xlsx,Tax Invoice,Tax Invoice,1.0,True,"Filename matches pattern: \d{5}.*[Ss]erum.*\.xlsx; Keywords matched: tax invoice, gstin, pan, hsn, sac"
28095 NGE-N.J. SERUM PUNE.pdf,Tax Invoice,Tax Invoice,1.0,True,"Filename matches pattern: \d{5}.*[Ss]erum.*\.pdf; Keywords matched: tax invoice, gstin, pan, hsn, sac"
28088-2  NGE-N.J. SERUM PUNE.xlsx,Tax Invoice,Tax Invoice,1.0,True,"Filename matches pattern: \d{5}.*[Ss]erum.*\.xlsx; Keywords matched: tax invoice, gstin, pan, hsn, sac"
28077  NGE-N.J. SERUM PUNE.pdf,Tax Invoice,Tax Invoice,1.0,True,"Filename matches pattern: \d{5}.*[Ss]erum.*\.pdf; Keywords matched: tax invoice, gstin, pan, hsn, sac"
28099  NGE-N.J. SERUM PUNE.pdf,Tax Invoice,Tax Invoice,1.0,True,"Filename matches pattern: \d{5}.*[Ss]erum.*\.pdf; Keywords matched: tax invoice, gstin, pan, hsn, sac"
28087  NGE-N.J. SERUM PUNE.pdf,Tax Invoice,Tax Invoice,1.0,True,"Filename matches pattern: \d{5}.*[Ss]erum.*\.pdf; Keywords matched: tax invoice, gstin, pan, hsn, sac"
28080  NGE-N.J. SERUM PUNE.xlsx,Tax Invoice,Tax Invoice,1.0,True,"Filename matches pattern: \d{5}.*[Ss]erum.*\.xlsx; Keywords matched: tax invoice, gstin, pan, hsn, sac"
28088  NGE-N.J. SERUM PUNE.xlsx,Tax Invoice,Tax Invoice,1.0,True,"Filename matches pattern: \d{5}.*[Ss]erum.*\.xlsx; Keywords matched: tax invoice, gstin, pan, hsn, sac"
28091 NGE-N.J. SERUM PUNE.pdf,Tax Invoice,Tax Invoice,1.0,True,"Filename matches pattern: \d{5}.*[Ss]erum.*\.pdf; Keywords matched: tax invoice, gstin, pan, hsn, sac"
28061  NGE-N.J. SERUM PUNE.pdf,Tax Invoice,Tax Invoice,1.0,True,"Filename matches pattern: \d{5}.*[Ss]erum.*\.pdf; Keywords matched: tax invoice, gstin, pan, hsn, sac"
Balaji Ledger 23-3-23.pdf,Tax Invoice,Ledger,0.8,False,Filename matches pattern: .*[Ll]edger.*
Rehbar Ledger 22-23.xlsx,Tax Invoice,Ledger,0.8,False,"Filename matches pattern: .*[Ll]edger.*; Keywords matched: credit note, credit no"
Balaji Invoice 211.xlsx,Tax Invoice,Tax Invoice,1.0,True,"Filename matches pattern: .*[Ii]nvoice.*\.xlsx; Keywords matched: tax invoice, invoice no, gstin, cgst, sgst, total amount, taxable amount"
Balaji Invoice 179.xlsx,Tax Invoice,Tax Invoice,1.0,True,"Filename matches pattern: .*[Ii]nvoice.*\.xlsx; Keywords matched: tax invoice, invoice no, gstin, cgst, sgst, total amount, taxable amount"
Balaji Invoice 207.xlsx,Tax Invoice,Tax Invoice,1.0,True,"Filename matches pattern: .*[Ii]nvoice.*\.xlsx; Keywords matched: tax invoice, invoice no, gstin, cgst, sgst, total amount, taxable amount"
ME Invoice 159.xlsx,Tax Invoice,Tax Invoice,1.0,True,"Filename matches pattern: .*[Ii]nvoice.*\.xlsx; Keywords matched: tax invoice, invoice no, gstin, cgst, sgst, total amount, taxable amount"
ME Invoice 135.xlsx,Tax Invoice,Tax Invoice,1.0,True,"Filename matches pattern: .*[Ii]nvoice.*\.xlsx; Keywords matched: tax invoice, invoice no, gstin, cgst, sgst, total amount, taxable amount"
Credit Note 041- Balaji.pdf,Tax Invoice,Tax Invoice,0.95,True,"Filename matches pattern: .*[Cc]redit.*[Nn]ote.*; Keywords matched: invoice no, gstin, pan, cgst, sgst, taxable amount, hsn"
ME Invoice 139.pdf,Tax Invoice,Tax Invoice,1.0,True,"Filename matches pattern: .*[Ii]nvoice.*\.pdf; Keywords matched: tax invoice, invoice no, gstin, cgst, sgst, total amount, taxable amount"
Vardhman Ledger 24-25.xlsx,Tax Invoice,Ledger,0.8,False,Filename matches pattern: .*[Ll]edger.*
ME Invoice 154.xlsx,Tax Invoice,Tax Invoice,1.0,True,"Filename matches pattern: .*[Ii]nvoice.*\.xlsx; Keywords matched: tax invoice, invoice no, gstin, cgst, sgst, total amount, taxable amount"
Balaji Ledger 8-3.xlsx,Tax Invoice,Ledger,0.8,False,Filename matches pattern: .*[Ll]edger.*
Vardhman Ledger 24-25.pdf,Tax Invoice,Ledger,0.8,False,Filename matches pattern: .*[Ll]edger.*
ME Invoice 139.xlsx,Tax Invoice,Tax Invoice,1.0,True,"Filename matches pattern: .*[Ii]nvoice.*\.xlsx; Keywords matched: tax invoice, invoice no, gstin, cgst, sgst, total amount, taxable amount"
Balaji Invoice 221.xlsx,Tax Invoice,Tax Invoice,1.0,True,"Filename matches pattern: .*[Ii]nvoice.*\.xlsx; Keywords matched: tax invoice, invoice no, gstin, cgst, sgst, total amount, taxable amount"
ME Invoice 124.xlsx,Tax Invoice,Tax Invoice,1.0,True,"Filename matches pattern: .*[Ii]nvoice.*\.xlsx; Keywords matched: tax invoice, invoice no, gstin, cgst, sgst, total amount, taxable amount"
Balaji Invoice 191.pdf,Tax Invoice,Tax Invoice,1.0,True,"Filename matches pattern: .*[Ii]nvoice.*\.pdf; Keywords matched: tax invoice, invoice no, gstin, cgst, sgst, total amount, taxable amount"
Balaji Invoice 185.pdf,Tax Invoice,Tax Invoice,1.0,True,"Filename matches pattern: .*[Ii]nvoice.*\.pdf; Keywords matched: tax invoice, invoice no, gstin, cgst, sgst, total amount, taxable amount"
ME Invoice 173.xlsx,Tax Invoice,Tax Invoice,1.0,True,"Filename matches pattern: .*[Ii]nvoice.*\.xlsx; Keywords matched: tax invoice, invoice no, gstin, cgst, sgst, total amount, taxable amount"
Balaji Invoice 190.pdf,Tax Invoice,Tax Invoice,1.0,True,"Filename matches pattern: .*[Ii]nvoice.*\.pdf; Keywords matched: tax invoice, invoice no, gstin, cgst, sgst, total amount, taxable amount"
Maruti Ledger 8-3.xlsx,Tax Invoice,Ledger,0.8,False,Filename matches pattern: .*[Ll]edger.*
ME Invoice 148.pdf,Tax Invoice,Tax Invoice,1.0,True,"Filename matches pattern: .*[Ii]nvoice.*\.pdf; Keywords matched: tax invoice, invoice no, gstin, cgst, sgst, total amount, taxable amount"
Maruti Ledger 18-3-23.xlsx,Tax Invoice,Ledger,0.8,False,Filename matches pattern: .*[Ll]edger.*
Balaji Invoice 219.pdf,Tax Invoice,Tax Invoice,1.0,True,"Filename matches pattern: .*[Ii]nvoice.*\.pdf; Keywords matched: tax invoice, invoice no, gstin, cgst, sgst, total amount, taxable amount"
Balaji Invoice 179.pdf,Tax Invoice,Tax Invoice,1.0,True,"Filename matches pattern: .*[Ii]nvoice.*\.pdf; Keywords matched: tax invoice, invoice no, gstin, cgst, sgst, total amount, taxable amount"
Balaji Invoice 217.xlsx,Tax Invoice,Tax Invoice,1.0,True,"Filename matches pattern: .*[Ii]nvoice.*\.xlsx; Keywords matched: tax invoice, invoice no, gstin, cgst, sgst, total amount, taxable amount"
BALAJI LEDGER 5-1-22.pdf,Tax Invoice,Ledger,0.8,False,Filename matches pattern: .*[Ll]edger.*
Balaji Invoice 190.xlsx,Tax Invoice,Tax Invoice,1.0,True,"Filename matches pattern: .*[Ii]nvoice.*\.xlsx; Keywords matched: tax invoice, invoice no, gstin, cgst, sgst, total amount, taxable amount"
ME Invoice 145.xlsx,Tax Invoice,Tax Invoice,1.0,True,"Filename matches pattern: .*[Ii]nvoice.*\.xlsx; Keywords matched: tax invoice, invoice no, gstin, cgst, sgst, total amount, taxable amount"
Maruti Ledger 8-3.pdf,Tax Invoice,Ledger,0.8,False,Filename matches pattern: .*[Ll]edger.*
Balaji Invoice 201.xlsx,Tax Invoice,Tax Invoice,1.0,True,"Filename matches pattern: .*[Ii]nvoice.*\.xlsx; Keywords matched: tax invoice, invoice no, gstin, cgst, sgst, total amount, taxable amount"
Ledger Maruti 24-11.xlsx,Tax Invoice,Ledger,0.8,False,Filename matches pattern: .*[Ll]edger.*
ME Invoice 173.pdf,Tax Invoice,Tax Invoice,1.0,True,"Filename matches pattern: .*[Ii]nvoice.*\.pdf; Keywords matched: tax invoice, invoice no, gstin, cgst, sgst, total amount, taxable amount"
Balaji Invoice 191.xlsx,Tax Invoice,Tax Invoice,1.0,True,"Filename matches pattern: .*[Ii]nvoice.*\.xlsx; Keywords matched: tax invoice, invoice no, gstin, cgst, sgst, total amount, taxable amount"
ME Invoice 144.xlsx,Tax Invoice,Tax Invoice,1.0,True,"Filename matches pattern: .*[Ii]nvoice.*\.xlsx; Keywords matched: tax invoice, invoice no, gstin, cgst, sgst, total amount, taxable amount"
Ledger Balaji 26-12.pdf,Tax Invoice,Ledger,0.8,False,Filename matches pattern: .*[Ll]edger.*
Balaji Ledger 2022-23.pdf,Tax Invoice,Ledger,0.8,False,Filename matches pattern: .*[Ll]edger.*
Balaji Invoice 221.pdf,Tax Invoice,Tax Invoice,1.0,True,"Filename matches pattern: .*[Ii]nvoice.*\.pdf; Keywords matched: tax invoice, invoice no, gstin, cgst, sgst, total amount, taxable amount"
Balaji Invoice 209.pdf,Tax Invoice,Tax Invoice,1.0,True,"Filename matches pattern: .*[Ii]nvoice.*\.pdf; Keywords matched: tax invoice, invoice no, gstin, cgst, sgst, total amount, taxable amount"
ME Invoice 148.xlsx,Tax Invoice,Tax Invoice,1.0,True,"Filename matches pattern: .*[Ii]nvoice.*\.xlsx; Keywords matched: tax invoice, invoice no, gstin, cgst, sgst, total amount, taxable amount"
ME Invoice 220.xlsx,Tax Invoice,Tax Invoice,1.0,True,"Filename matches pattern: .*[Ii]nvoice.*\.xlsx; Keywords matched: tax invoice, invoice no, gstin, cgst, sgst, total amount, taxable amount"
Credit Note 041- Balaji.xlsx,Tax Invoice,Tax Invoice,0.95,True,"Filename matches pattern: .*[Cc]redit.*[Nn]ote.*; Keywords matched: invoice no, gstin, pan, cgst, sgst, taxable amount, hsn"
ME Invoice 159.pdf,Tax Invoice,Tax Invoice,1.0,True,"Filename matches pattern: .*[Ii]nvoice.*\.pdf; Keywords matched: tax invoice, invoice no, gstin, cgst, sgst, total amount, taxable amount"
Balaji Invoice 205.pdf,Tax Invoice,Tax Invoice,1.0,True,"Filename matches pattern: .*[Ii]nvoice.*\.pdf; Keywords matched: tax invoice, invoice no, gstin, cgst, sgst, total amount, taxable amount"
Balaji Invoice 211.pdf,Tax Invoice,Tax Invoice,1.0,True,"Filename matches pattern: .*[Ii]nvoice.*\.pdf; Keywords matched: tax invoice, invoice no, gstin, cgst, sgst, total amount, taxable amount"
ME Invoice 154.pdf,Tax Invoice,Tax Invoice,1.0,True,"Filename matches pattern: .*[Ii]nvoice.*\.pdf; Keywords matched: tax invoice, invoice no, gstin, cgst, sgst, total amount, taxable amount"
Balaji Invoice 219.xlsx,Tax Invoice,Tax Invoice,1.0,True,"Filename matches pattern: .*[Ii]nvoice.*\.xlsx; Keywords matched: tax invoice, invoice no, gstin, cgst, sgst, total amount, taxable amount"
Maruti Ledger 27-12.xlsx,Tax Invoice,Ledger,0.8,False,Filename matches pattern: .*[Ll]edger.*
Balaji Invoice 199.pdf,Tax Invoice,Tax Invoice,1.0,True,"Filename matches pattern: .*[Ii]nvoice.*\.pdf; Keywords matched: tax invoice, invoice no, gstin, cgst, sgst, total amount, taxable amount"
ME Invoice 141.pdf,Tax Invoice,Tax Invoice,1.0,True,"Filename matches pattern: .*[Ii]nvoice.*\.pdf; Keywords matched: tax invoice, invoice no, gstin, cgst, sgst, total amount, taxable amount"
Balaji Invoice 204.pdf,Tax Invoice,Tax Invoice,1.0,True,"Filename matches pattern: .*[Ii]nvoice.*\.pdf; Keywords matched: tax invoice, invoice no, gstin, cgst, sgst, total amount, taxable amount"
Balaji Invoice 212.pdf,Tax Invoice,Tax Invoice,1.0,True,"Filename matches pattern: .*[Ii]nvoice.*\.pdf; Keywords matched: tax invoice, invoice no, gstin, cgst, sgst, total amount, taxable amount"
Maruti Ledger-Sales 2023-24 .pdf,Tax Invoice,Ledger,0.8,False,Filename matches pattern: .*[Ll]edger.*
Ledger Maruti Energy 26-12.xlsx,Tax Invoice,Ledger,0.8,False,Filename matches pattern: .*[Ll]edger.*
ME Invoice 220.pdf,Tax Invoice,Tax Invoice,1.0,True,"Filename matches pattern: .*[Ii]nvoice.*\.pdf; Keywords matched: tax invoice, invoice no, gstin, cgst, sgst, total amount, taxable amount"
Balaji Invoice 207.pdf,Tax Invoice,Tax Invoice,1.0,True,"Filename matches pattern: .*[Ii]nvoice.*\.pdf; Keywords matched: tax invoice, invoice no, gstin, cgst, sgst, total amount, taxable amount"
Maruti Ledger 27-12.pdf,Tax Invoice,Ledger,0.8,False,Filename matches pattern: .*[Ll]edger.*
Balaji Invoice 217.pdf,Tax Invoice,Tax Invoice,1.0,True,"Filename matches pattern: .*[Ii]nvoice.*\.pdf; Keywords matched: tax invoice, invoice no, gstin, cgst, sgst, total amount, taxable amount"
ME Invoice 146.pdf,Tax Invoice,Tax Invoice,1.0,True,"Filename matches pattern: .*[Ii]nvoice.*\.pdf; Keywords matched: tax invoice, invoice no, gstin, cgst, sgst, total amount, taxable amount"
Maruti Ledger 13-12.pdf,Tax Invoice,Ledger,0.8,False,Filename matches pattern: .*[Ll]edger.*
Husang DC Briquettes.pdf,Tax Invoice,Tax Invoice,0.9,True,"Keywords matched: gstin, pan, hsn"
ME Invoice 218.pdf,Tax Invoice,Tax Invoice,1.0,True,"Filename matches pattern: .*[Ii]nvoice.*\.pdf; Keywords matched: tax invoice, invoice no, gstin, cgst, sgst, total amount, taxable amount"
Balaji Ledger 18-3-23.xlsx,Tax Invoice,Ledger,0.8,False,Filename matches pattern: .*[Ll]edger.*
Ledger Balaji 26-12.xlsx,Tax Invoice,Ledger,0.8,False,Filename matches pattern: .*[Ll]edger.*
Balaji Invoice 214.xlsx,Tax Invoice,Tax Invoice,1.0,True,"Filename matches pattern: .*[Ii]nvoice.*\.xlsx; Keywords matched: tax invoice, invoice no, gstin, cgst, sgst, total amount, taxable amount"
ME Invoice 150.xlsx,Tax Invoice,Tax Invoice,1.0,True,"Filename matches pattern: .*[Ii]nvoice.*\.xlsx; Keywords matched: tax invoice, invoice no, gstin, cgst, sgst, total amount, taxable amount"
Balaji Invoice 185.xlsx,Tax Invoice,Tax Invoice,1.0,True,"Filename matches pattern: .*[Ii]nvoice.*\.xlsx; Keywords matched: tax invoice, invoice no, gstin, cgst, sgst, total amount, taxable amount"
ME Invoice 146.xlsx,Tax Invoice,Tax Invoice,1.0,True,"Filename matches pattern: .*[Ii]nvoice.*\.xlsx; Keywords matched: tax invoice, invoice no, gstin, cgst, sgst, total amount, taxable amount"
Balaji Invoice 202.pdf,Tax Invoice,Tax Invoice,1.0,True,"Filename matches pattern: .*[Ii]nvoice.*\.pdf; Keywords matched: tax invoice, invoice no, gstin, cgst, sgst, total amount, taxable amount"
Balaji Invoice 202.xlsx,Tax Invoice,Tax Invoice,1.0,True,"Filename matches pattern: .*[Ii]nvoice.*\.xlsx; Keywords matched: tax invoice, invoice no, gstin, cgst, sgst, total amount, taxable amount"
Balaji Invoice 214.pdf,Tax Invoice,Tax Invoice,1.0,True,"Filename matches pattern: .*[Ii]nvoice.*\.pdf; Keywords matched: tax invoice, invoice no, gstin, cgst, sgst, total amount, taxable amount"
ME Invoice 218.xlsx,Tax Invoice,Tax Invoice,1.0,True,"Filename matches pattern: .*[Ii]nvoice.*\.xlsx; Keywords matched: tax invoice, invoice no, gstin, cgst, sgst, total amount, taxable amount"
ME Invoice 145.pdf,Tax Invoice,Tax Invoice,1.0,True,"Filename matches pattern: .*[Ii]nvoice.*\.pdf; Keywords matched: tax invoice, invoice no, gstin, cgst, sgst, total amount, taxable amount"
Maruti Ledger 23-3-23.pdf,Tax Invoice,Ledger,0.8,False,Filename matches pattern: .*[Ll]edger.*
Balaji Ledger 2022-23.xlsx,Tax Invoice,Ledger,0.8,False,Filename matches pattern: .*[Ll]edger.*
Balaji Invoice 177.pdf,Tax Invoice,Tax Invoice,1.0,True,"Filename matches pattern: .*[Ii]nvoice.*\.pdf; Keywords matched: tax invoice, invoice no, gstin, cgst, sgst, total amount, taxable amount"
ME Invoice 150.pdf,Tax Invoice,Tax Invoice,1.0,True,"Filename matches pattern: .*[Ii]nvoice.*\.pdf; Keywords matched: tax invoice, invoice no, gstin, cgst, sgst, total amount, taxable amount"
ME Invoice 144.pdf,Tax Invoice,Tax Invoice,1.0,True,"Filename matches pattern: .*[Ii]nvoice.*\.pdf; Keywords matched: tax invoice, invoice no, gstin, cgst, sgst, total amount, taxable amount"
Balaji Invoice 201.pdf,Tax Invoice,Tax Invoice,1.0,True,"Filename matches pattern: .*[Ii]nvoice.*\.pdf; Keywords matched: tax invoice, invoice no, gstin, cgst, sgst, total amount, taxable amount"
Balaji Invoice 205.xlsx,Tax Invoice,Tax Invoice,1.0,True,"Filename matches pattern: .*[Ii]nvoice.*\.xlsx; Keywords matched: tax invoice, invoice no, gstin, cgst, sgst, total amount, taxable amount"
ME Invoice 137.pdf,Tax Invoice,Tax Invoice,1.0,True,"Filename matches pattern: .*[Ii]nvoice.*\.pdf; Keywords matched: tax invoice, invoice no, gstin, cgst, sgst, total amount, taxable amount"
ME Invoice 141.xlsx,Tax Invoice,Tax Invoice,1.0,True,"Filename matches pattern: .*[Ii]nvoice.*\.xlsx; Keywords matched: tax invoice, invoice no, gstin, cgst, sgst, total amount, taxable amount"
Ledger Maruti Energy 26-12.pdf,Tax Invoice,Ledger,0.8,False,Filename matches pattern: .*[Ll]edger.*
Ledger Maruti 26-12.xlsx,Tax Invoice,Ledger,0.8,False,Filename matches pattern: .*[Ll]edger.*
Balaji Invoice 209.xlsx,Tax Invoice,Tax Invoice,1.0,True,"Filename matches pattern: .*[Ii]nvoice.*\.xlsx; Keywords matched: tax invoice, invoice no, gstin, cgst, sgst, total amount, taxable amount"
Balaji Invoice 177.xlsx,Tax Invoice,Tax Invoice,1.0,True,"Filename matches pattern: .*[Ii]nvoice.*\.xlsx; Keywords matched: tax invoice, invoice no, gstin, cgst, sgst, total amount, taxable amount"
Ledger Maruti Energy 8-10.pdf,Tax Invoice,Ledger,0.8,False,Filename matches pattern: .*[Ll]edger.*
BALAJI LEDGER 5-1-22.xlsx,Tax Invoice,Ledger,0.8,False,Filename matches pattern: .*[Ll]edger.*
ME Invoice 135.pdf,Tax Invoice,Tax Invoice,1.0,True,"Filename matches pattern: .*[Ii]nvoice.*\.pdf; Keywords matched: tax invoice, invoice no, gstin, cgst, sgst, total amount, taxable amount"
ME Invoice 137.xlsx,Tax Invoice,Tax Invoice,1.0,True,"Filename matches pattern: .*[Ii]nvoice.*\.xlsx; Keywords matched: tax invoice, invoice no, gstin, cgst, sgst, total amount, taxable amount"
Balaji Invoice 199.xlsx,Tax Invoice,Tax Invoice,1.0,True,"Filename matches pattern: .*[Ii]nvoice.*\.xlsx; Keywords matched: tax invoice, invoice no, gstin, cgst, sgst, total amount, taxable amount"
ME Invoice 124.pdf,Tax Invoice,Tax Invoice,1.0,True,"Filename matches pattern: .*[Ii]nvoice.*\.pdf; Keywords matched: tax invoice, invoice no, gstin, cgst, sgst, total amount, taxable amount"
Balaji Invoice 212.xlsx,Tax Invoice,Tax Invoice,1.0,True,"Filename matches pattern: .*[Ii]nvoice.*\.xlsx; Keywords matched: tax invoice, invoice no, gstin, cgst, sgst, total amount, taxable amount"
Maruti Ledger 13-12.xlsx,Tax Invoice,Ledger,0.8,False,Filename matches pattern: .*[Ll]edger.*
Balaji Invoice 204.xlsx,Tax Invoice,Tax Invoice,1.0,True,"Filename matches pattern: .*[Ii]nvoice.*\.xlsx; Keywords matched: tax invoice, invoice no, gstin, cgst, sgst, total amount, taxable amount"
CN-041.xlsx,Tax Invoice,Tax Invoice,0.95,True,"Filename matches pattern: .*[Cc]n.*; Keywords matched: invoice no, gstin, pan, cgst, sgst, taxable amount, hsn"
CN-042.pdf,Tax Invoice,Tax Invoice,0.95,True,"Filename matches pattern: .*[Cc]n.*; Keywords matched: invoice no, gstin, pan, cgst, sgst, taxable amount, hsn"
CN-041.pdf,Tax Invoice,Tax Invoice,0.95,True,"Filename matches pattern: .*[Cc]n.*; Keywords matched: invoice no, gstin, pan, cgst, sgst, taxable amount, hsn"
CN-042.xlsx,Tax Invoice,Tax Invoice,0.95,True,"Filename matches pattern: .*[Cc]n.*; Keywords matched: invoice no, gstin, pan, cgst, sgst, taxable amount, hsn"
Balaji Invoice 26.xlsx,Tax Invoice,Tax Invoice,1.0,True,"Filename matches pattern: .*[Ii]nvoice.*\.xlsx; Keywords matched: tax invoice, invoice no, gstin, cgst, sgst, total amount, taxable amount"
Balaji Invoice 50.xlsx,Tax Invoice,Tax Invoice,1.0,True,"Filename matches pattern: .*[Ii]nvoice.*\.xlsx; Keywords matched: tax invoice, invoice no, gstin, cgst, sgst, total amount, taxable amount"
ME Invoice 058.pdf,Tax Invoice,Tax Invoice,1.0,True,"Filename matches pattern: .*[Ii]nvoice.*\.pdf; Keywords matched: tax invoice, invoice no, gstin, cgst, sgst, total amount, taxable amount"
Credit Note 005- Maruti.xlsx,Tax Invoice,Tax Invoice,0.95,True,"Filename matches pattern: .*[Cc]redit.*[Nn]ote.*; Keywords matched: invoice no, gstin, pan, cgst, sgst, taxable amount, hsn"
Credit Note 005- Maruti.pdf,Tax Invoice,Tax Invoice,0.95,True,"Filename matches pattern: .*[Cc]redit.*[Nn]ote.*; Keywords matched: invoice no, gstin, pan, cgst, sgst, taxable amount, hsn"
Balaji Invoice 49.pdf,Tax Invoice,Tax Invoice,1.0,True,"Filename matches pattern: .*[Ii]nvoice.*\.pdf; Keywords matched: tax invoice, invoice no, gstin, cgst, sgst, total amount, taxable amount"
ME Invoice 056.xlsx,Tax Invoice,Tax Invoice,1.0,True,"Filename matches pattern: .*[Ii]nvoice.*\.xlsx; Keywords matched: tax invoice, invoice no, gstin, cgst, sgst, total amount, taxable amount"
MARUTI ENERGY Invoice 95.xlsx,Tax Invoice,Tax Invoice,1.0,True,"Filename matches pattern: .*[Ii]nvoice.*\.xlsx; Keywords matched: tax invoice, invoice no, gstin, cgst, sgst, total amount, taxable amount"
Balaji Invoice 22.xlsx,Tax Invoice,Tax Invoice,1.0,True,"Filename matches pattern: .*[Ii]nvoice.*\.xlsx; Keywords matched: tax invoice, invoice no, gstin, cgst, sgst, total amount, taxable amount"
Balaji Invoice 52.pdf,Tax Invoice,Tax Invoice,1.0,True,"Filename matches pattern: .*[Ii]nvoice.*\.pdf; Keywords matched: tax invoice, invoice no, gstin, cgst, sgst, total amount, taxable amount"
Balaji Invoice 53.pdf,Tax Invoice,Tax Invoice,1.0,True,"Filename matches pattern: .*[Ii]nvoice.*\.pdf; Keywords matched: tax invoice, invoice no, gstin, cgst, sgst, total amount, taxable amount"
MARUTI ENERGY Invoice 95.pdf,Tax Invoice,Tax Invoice,1.0,True,"Filename matches pattern: .*[Ii]nvoice.*\.pdf; Keywords matched: tax invoice, invoice no, gstin, cgst, sgst, total amount, taxable amount"
Balaji Invoice 50.pdf,Tax Invoice,Tax Invoice,1.0,True,"Filename matches pattern: .*[Ii]nvoice.*\.pdf; Keywords matched: tax invoice, invoice no, gstin, cgst, sgst, total amount, taxable amount"
ME Invoice 058.xlsx,Tax Invoice,Tax Invoice,1.0,True,"Filename matches pattern: .*[Ii]nvoice.*\.xlsx; Keywords matched: tax invoice, invoice no, gstin, cgst, sgst, total amount, taxable amount"
Balaji Invoice 49.xlsx,Tax Invoice,Tax Invoice,1.0,True,"Filename matches pattern: .*[Ii]nvoice.*\.xlsx; Keywords matched: tax invoice, invoice no, gstin, cgst, sgst, total amount, taxable amount"
ME Invoice 056.pdf,Tax Invoice,Tax Invoice,1.0,True,"Filename matches pattern: .*[Ii]nvoice.*\.pdf; Keywords matched: tax invoice, invoice no, gstin, cgst, sgst, total amount, taxable amount"
Balaji Invoice 24.xlsx,Tax Invoice,Tax Invoice,1.0,True,"Filename matches pattern: .*[Ii]nvoice.*\.xlsx; Keywords matched: tax invoice, invoice no, gstin, cgst, sgst, total amount, taxable amount"
Balaji Invoice 22.pdf,Tax Invoice,Tax Invoice,1.0,True,"Filename matches pattern: .*[Ii]nvoice.*\.pdf; Keywords matched: tax invoice, invoice no, gstin, cgst, sgst, total amount, taxable amount"
Balaji Invoice 53.xlsx,Tax Invoice,Tax Invoice,1.0,True,"Filename matches pattern: .*[Ii]nvoice.*\.xlsx; Keywords matched: tax invoice, invoice no, gstin, cgst, sgst, total amount, taxable amount"
Balaji Invoice 52.xlsx,Tax Invoice,Tax Invoice,1.0,True,"Filename matches pattern: .*[Ii]nvoice.*\.xlsx; Keywords matched: tax invoice, invoice no, gstin, cgst, sgst, total amount, taxable amount"
Balaji Invoice 24.pdf,Tax Invoice,Tax Invoice,1.0,True,"Filename matches pattern: .*[Ii]nvoice.*\.pdf; Keywords matched: tax invoice, invoice no, gstin, cgst, sgst, total amount, taxable amount"
Balaji Invoice 26.pdf,Tax Invoice,Tax Invoice,1.0,True,"Filename matches pattern: .*[Ii]nvoice.*\.pdf; Keywords matched: tax invoice, invoice no, gstin, cgst, sgst, total amount, taxable amount"
014.pdf,Tax Invoice,Tax Invoice,0.95,True,"Keywords matched: tax invoice, invoice no, gstin, cgst, sgst, total amount"
029.pdf,Tax Invoice,Tax Invoice,0.95,True,"Keywords matched: tax invoice, invoice no, gstin, cgst, sgst, total amount"
001.pdf,Tax Invoice,Tax Invoice,0.95,True,"Keywords matched: tax invoice, invoice no, gstin, cgst, sgst, total amount"
003.pdf,Tax Invoice,Tax Invoice,0.95,True,"Keywords matched: tax invoice, invoice no, gstin, cgst, sgst, total amount"
017.pdf,Tax Invoice,Tax Invoice,0.95,True,"Keywords matched: tax invoice, invoice no, gstin, cgst, sgst, total amount"
024.xlsx,Tax Invoice,Tax Invoice,0.95,True,"Keywords matched: tax invoice, invoice no, gstin, cgst, sgst, total amount"
002.pdf,Tax Invoice,Tax Invoice,0.95,True,"Keywords matched: tax invoice, invoice no, gstin, cgst, sgst, total amount"
006.pdf,Tax Invoice,Tax Invoice,0.95,True,"Keywords matched: tax invoice, invoice no, gstin, cgst, sgst, total amount"
033.xlsx,Tax Invoice,Tax Invoice,0.95,True,"Keywords matched: tax invoice, invoice no, gstin, cgst, sgst, total amount"
025.xlsx,Tax Invoice,Tax Invoice,0.95,True,"Keywords matched: tax invoice, invoice no, gstin, cgst, sgst, total amount"
013.pdf,Tax Invoice,Tax Invoice,0.95,True,"Keywords matched: tax invoice, invoice no, gstin, cgst, sgst, total amount"
007.pdf,Tax Invoice,Tax Invoice,0.95,True,"Keywords matched: tax invoice, invoice no, gstin, cgst, sgst, total amount"
011.pdf,Tax Invoice,Tax Invoice,0.95,True,"Keywords matched: tax invoice, invoice no, gstin, cgst, sgst, total amount"
005.pdf,Tax Invoice,Tax Invoice,0.95,True,"Keywords matched: tax invoice, invoice no, gstin, cgst, sgst, total amount"
029.xlsx,Tax Invoice,Tax Invoice,0.95,True,"Keywords matched: tax invoice, invoice no, gstin, cgst, sgst, total amount"
004.pdf,Tax Invoice,Tax Invoice,0.95,True,"Keywords matched: tax invoice, invoice no, gstin, cgst, sgst, total amount"
010.pdf,Tax Invoice,Tax Invoice,0.95,True,"Keywords matched: tax invoice, invoice no, gstin, cgst, sgst, total amount"
022.xlsx,Tax Invoice,Tax Invoice,0.95,True,"Keywords matched: tax invoice, invoice no, gstin, cgst, sgst, total amount"
034.xlsx,Tax Invoice,Tax Invoice,0.95,True,"Keywords matched: tax invoice, invoice no, gstin, cgst, sgst, total amount"
035.xlsx,Tax Invoice,Tax Invoice,0.95,True,"Keywords matched: tax invoice, invoice no, gstin, cgst, sgst, total amount"
023.xlsx,Tax Invoice,Tax Invoice,0.95,True,"Keywords matched: tax invoice, invoice no, gstin, cgst, sgst, total amount"
036.xlsx,Tax Invoice,Tax Invoice,0.95,True,"Keywords matched: tax invoice, invoice no, gstin, cgst, sgst, total amount"
020.xlsx,Tax Invoice,Tax Invoice,0.95,True,"Keywords matched: tax invoice, invoice no, gstin, cgst, sgst, total amount"
021.xlsx,Tax Invoice,Tax Invoice,0.95,True,"Keywords matched: tax invoice, invoice no, gstin, cgst, sgst, total amount"
035.pdf,Tax Invoice,Tax Invoice,0.95,True,"Keywords matched: tax invoice, invoice no, gstin, cgst, sgst, total amount"
021.pdf,Tax Invoice,Tax Invoice,0.95,True,"Keywords matched: tax invoice, invoice no, gstin, cgst, sgst, total amount"
009.pdf,Tax Invoice,Tax Invoice,0.95,True,"Keywords matched: tax invoice, invoice no, gstin, cgst, sgst, total amount"
020.pdf,Tax Invoice,Tax Invoice,0.95,True,"Keywords matched: tax invoice, invoice no, gstin, cgst, sgst, total amount"
034.pdf,Tax Invoice,Tax Invoice,0.95,True,"Keywords matched: tax invoice, invoice no, gstin, cgst, sgst, total amount"
022.pdf,Tax Invoice,Tax Invoice,0.95,True,"Keywords matched: tax invoice, invoice no, gstin, cgst, sgst, total amount"
030.xlsx,Tax Invoice,Tax Invoice,0.95,True,"Keywords matched: tax invoice, invoice no, gstin, cgst, sgst, total amount"
036.pdf,Tax Invoice,Tax Invoice,0.95,True,"Keywords matched: tax invoice, invoice no, gstin, cgst, sgst, total amount"
026.xlsx,Tax Invoice,Tax Invoice,0.95,True,"Keywords matched: tax invoice, invoice no, gstin, cgst, sgst, total amount"
023.pdf,Tax Invoice,Tax Invoice,0.95,True,"Keywords matched: tax invoice, invoice no, gstin, cgst, sgst, total amount"
033.pdf,Tax Invoice,Tax Invoice,0.95,True,"Keywords matched: tax invoice, invoice no, gstin, cgst, sgst, total amount"
031.xlsx,Tax Invoice,Tax Invoice,0.95,True,"Keywords matched: tax invoice, invoice no, gstin, cgst, sgst, total amount"
026.pdf,Tax Invoice,Tax Invoice,0.95,True,"Keywords matched: tax invoice, invoice no, gstin, cgst, sgst, total amount"
018.pdf,Tax Invoice,Tax Invoice,0.95,True,"Keywords matched: tax invoice, invoice no, gstin, cgst, sgst, total amount"
030.pdf,Tax Invoice,Tax Invoice,0.95,True,"Keywords matched: tax invoice, invoice no, gstin, cgst, sgst, total amount"
024.pdf,Tax Invoice,Tax Invoice,0.95,True,"Keywords matched: tax invoice, invoice no, gstin, cgst, sgst, total amount"
025.pdf,Tax Invoice,Tax Invoice,0.95,True,"Keywords matched: tax invoice, invoice no, gstin, cgst, sgst, total amount"
031.pdf,Tax Invoice,Tax Invoice,0.95,True,"Keywords matched: tax invoice, invoice no, gstin, cgst, sgst, total amount"
169-Mayank Invoice.pdf,Tax Invoice,Tax Invoice,1.0,True,"Filename matches pattern: .*[Ii]nvoice.*\.pdf; Keywords matched: tax invoice, invoice no, gstin, cgst, sgst, total amount, taxable amount"
170-Mayank Invoice.xlsx,Tax Invoice,Tax Invoice,1.0,True,"Filename matches pattern: .*[Ii]nvoice.*\.xlsx; Keywords matched: tax invoice, invoice no, gstin, cgst, sgst, total amount, taxable amount"
169-Mayank Invoice.xlsx,Tax Invoice,Tax Invoice,1.0,True,"Filename matches pattern: .*[Ii]nvoice.*\.xlsx; Keywords matched: tax invoice, invoice no, gstin, cgst, sgst, total amount, taxable amount"
136-Mayank.xlsx,Tax Invoice,Tax Invoice,0.95,True,"Keywords matched: tax invoice, invoice no, gstin, cgst, sgst, total amount, taxable amount"
168-Mayank.xlsx,Tax Invoice,Tax Invoice,0.95,True,"Keywords matched: tax invoice, invoice no, gstin, cgst, sgst, total amount, taxable amount"
172-Mayank Invoice.xlsx,Tax Invoice,Tax Invoice,1.0,True,"Filename matches pattern: .*[Ii]nvoice.*\.xlsx; Keywords matched: tax invoice, invoice no, gstin, cgst, sgst, total amount, taxable amount"
Debit Note - Mayank.pdf,Tax Invoice,Tax Invoice,0.95,True,"Filename matches pattern: .*[Dd]ebit.*[Nn]ote.*; Keywords matched: invoice no, gstin, pan, cgst, sgst, taxable amount, hsn"
Debit Note - 005 Mayank .pdf,Tax Invoice,Tax Invoice,0.95,True,"Filename matches pattern: .*[Dd]ebit.*[Nn]ote.*; Keywords matched: invoice no, gstin, pan, cgst, sgst, taxable amount, hsn"
136-Mayank.pdf,Tax Invoice,Tax Invoice,0.95,True,"Keywords matched: tax invoice, invoice no, gstin, cgst, sgst, total amount, taxable amount"
131-Mayank.pdf,Tax Invoice,Tax Invoice,0.95,True,"Keywords matched: tax invoice, invoice no, gstin, cgst, sgst, total amount, taxable amount"
Credit Note - Mayank.pdf,Tax Invoice,Tax Invoice,0.95,True,"Filename matches pattern: .*[Cc]redit.*[Nn]ote.*; Keywords matched: invoice no, gstin, pan, cgst, sgst, taxable amount, hsn"
Debit Note - Mayank.xlsx,Tax Invoice,Tax Invoice,0.95,True,"Filename matches pattern: .*[Dd]ebit.*[Nn]ote.*; Keywords matched: invoice no, gstin, pan, cgst, sgst, taxable amount, hsn"
172-Mayank Invoice.pdf,Tax Invoice,Tax Invoice,1.0,True,"Filename matches pattern: .*[Ii]nvoice.*\.pdf; Keywords matched: tax invoice, invoice no, gstin, cgst, sgst, total amount, taxable amount"
132-Mayank.xlsx,Tax Invoice,Tax Invoice,0.95,True,"Keywords matched: tax invoice, invoice no, gstin, cgst, sgst, total amount, taxable amount"
132-Mayank.pdf,Tax Invoice,Tax Invoice,0.95,True,"Keywords matched: tax invoice, invoice no, gstin, cgst, sgst, total amount, taxable amount"
170-Mayank Invoice.pdf,Tax Invoice,Tax Invoice,1.0,True,"Filename matches pattern: .*[Ii]nvoice.*\.pdf; Keywords matched: tax invoice, invoice no, gstin, cgst, sgst, total amount, taxable amount"
131-Mayank.xlsx,Tax Invoice,Tax Invoice,0.95,True,"Keywords matched: tax invoice, invoice no, gstin, cgst, sgst, total amount, taxable amount"
168-Mayank.pdf,Tax Invoice,Tax Invoice,0.95,True,"Keywords matched: tax invoice, invoice no, gstin, cgst, sgst, total amount, taxable amount"
